-- phpMyAdmin SQL Dump
-- version 3.3.3
-- http://www.phpmyadmin.net
--
-- Servidor: mysql04-farm86.kinghost.net
-- Tempo de Geração: Jun 11, 2014 as 12:17 PM
-- Versão do Servidor: 5.5.36
-- Versão do PHP: 5.2.17

SET SQL_MODE="NO_AUTO_VALUE_ON_ZERO";


/*!40101 SET @OLD_CHARACTER_SET_CLIENT=@@CHARACTER_SET_CLIENT */;
/*!40101 SET @OLD_CHARACTER_SET_RESULTS=@@CHARACTER_SET_RESULTS */;
/*!40101 SET @OLD_COLLATION_CONNECTION=@@COLLATION_CONNECTION */;
/*!40101 SET NAMES utf8 */;

--
-- Banco de Dados: `bconsorcios`
--

-- --------------------------------------------------------

--
-- Estrutura da tabela `banners_home`
--

CREATE TABLE IF NOT EXISTS `banners_home` (
  `id` int(11) NOT NULL AUTO_INCREMENT,
  `arquivo` varchar(255) NOT NULL,
  `datahora` datetime NOT NULL,
  `titulo` varchar(255) NOT NULL,
  `legenda` varchar(255) NOT NULL,
  PRIMARY KEY (`id`)
) ENGINE=InnoDB  DEFAULT CHARSET=latin1 AUTO_INCREMENT=64 ;

--
-- Extraindo dados da tabela `banners_home`
--

INSERT INTO `banners_home` (`id`, `arquivo`, `datahora`, `titulo`, `legenda`) VALUES
(9, '8b0282a15de706581408f680650070bf.jpg', '2013-10-29 15:03:07', 'Consórcio de Automóveis', 'Seu carro novo com parcelas à partir de R$ 324,66'),
(11, '284acba926ebcbb7899cd35f02cba202.jpg', '2013-10-29 15:30:52', 'Consórcio de Imóveis com as menores taxas:', 'Créditos de R$ 80 mil à R$ 500 mil, parcela reduzida em 30% até a contemplação.'),
(31, 'c81de928e416f7044479f76d3ef6511c.jpg', '2014-02-12 09:36:26', 'Amarok Trend AT: Parcelas de R$ 1.677, 36', 'Grupo Elite 80 meses'),
(32, 'edce71ae0a9110f92a79cd78a286f03d.jpg', '2014-02-13 08:58:45', 'Aventura?', 'Hornet 2014 c/ ABS,  Parcela de : R$ 633, 19'),
(41, '846edece38f44a4485384d48573d5f56.jpg', '2014-02-17 13:20:02', 'Imóvel Comercial', 'Crédito de R$ 250 000 Parcela reduzida de R$ 1 166,67'),
(50, 'fa22d00ab2f70547de1ff40266fc41f9.jpg', '2014-02-17 13:33:16', 'Novo Focus: Crédito R$ 61 490', 'Plano em 72 meses , parcela de R$ 939,43'),
(63, 'c82cfa1116c97d9d35a3cb45291404fc.jpg', '2014-02-17 21:00:57', 'Novo Golf 2014', 'Garanta o seu: ligue (41) 3053 1246');

-- --------------------------------------------------------

--
-- Estrutura da tabela `categorias_consorcios`
--

CREATE TABLE IF NOT EXISTS `categorias_consorcios` (
  `id` int(11) NOT NULL AUTO_INCREMENT,
  `nome` varchar(50) NOT NULL,
  `slug` varchar(100) DEFAULT NULL,
  `ativo` char(1) NOT NULL,
  `datahoracadastro` datetime DEFAULT NULL,
  PRIMARY KEY (`id`)
) ENGINE=InnoDB  DEFAULT CHARSET=latin1 AUTO_INCREMENT=5 ;

--
-- Extraindo dados da tabela `categorias_consorcios`
--

INSERT INTO `categorias_consorcios` (`id`, `nome`, `slug`, `ativo`, `datahoracadastro`) VALUES
(1, 'Automóvel', NULL, 's', NULL),
(2, 'Imóvel', NULL, 's', NULL),
(3, 'Moto', NULL, 's', NULL),
(4, 'Caminhão', NULL, 's', NULL);

-- --------------------------------------------------------

--
-- Estrutura da tabela `consorcios`
--

CREATE TABLE IF NOT EXISTS `consorcios` (
  `id` int(11) NOT NULL AUTO_INCREMENT,
  `categoria_consorcio_id` int(11) NOT NULL,
  `descricao_bem` varchar(45) DEFAULT NULL,
  `credito` int(11) DEFAULT NULL,
  `parcela` decimal(10,2) DEFAULT NULL,
  `prazo` int(11) DEFAULT NULL,
  `valor_bem` decimal(10,2) DEFAULT NULL,
  `parcela_com_seguro` decimal(10,2) DEFAULT NULL,
  `parcela_sem_seguro` decimal(10,2) DEFAULT NULL,
  `parcela_reduzida` decimal(10,2) DEFAULT NULL,
  `dia_vencimento` int(4) DEFAULT NULL,
  `fundo_reserva` varchar(45) DEFAULT NULL,
  `taxa_administracao` varchar(45) DEFAULT NULL,
  `grupo` varchar(45) DEFAULT NULL,
  `cota` varchar(45) DEFAULT NULL,
  `digito` varchar(45) DEFAULT NULL,
  `previsao_primeira_assembleia` varchar(45) DEFAULT NULL,
  `descricao_credito` varchar(255) DEFAULT NULL,
  `lance_diluido` char(1) DEFAULT NULL,
  `lance_diluido_faixa_valor` varchar(45) DEFAULT NULL,
  `obs` text,
  `descricao_grupo_elite` text,
  `datahoracadastro` datetime DEFAULT NULL,
  PRIMARY KEY (`id`),
  KEY `fk_consorcios_categorias_consorcios` (`categoria_consorcio_id`)
) ENGINE=InnoDB  DEFAULT CHARSET=latin1 AUTO_INCREMENT=222 ;

--
-- Extraindo dados da tabela `consorcios`
--

INSERT INTO `consorcios` (`id`, `categoria_consorcio_id`, `descricao_bem`, `credito`, `parcela`, `prazo`, `valor_bem`, `parcela_com_seguro`, `parcela_sem_seguro`, `parcela_reduzida`, `dia_vencimento`, `fundo_reserva`, `taxa_administracao`, `grupo`, `cota`, `digito`, `previsao_primeira_assembleia`, `descricao_credito`, `lance_diluido`, `lance_diluido_faixa_valor`, `obs`, `descricao_grupo_elite`, `datahoracadastro`) VALUES
(49, 1, 'Palio Fire Economy 2p 70 %', 16793, '324.66', 60, '0.00', '339.96', '0.00', '0.00', NULL, '0,1', '15,9', NULL, NULL, NULL, NULL, NULL, 's', NULL, 'Grupo com 240 participantes\r\n\r\n.01 Contemplação por sorteio\r\n.03 Contemplações por lance livre\r\n*Conforme disponibilidade financeira do grupo\r\n\r\nLance diluído: Redução no valor das parcelas mensais subsequentes ao pagamento de lance ofertado com recursos próprios, que mantém o prazo de pagamento.\r\n\r\n*Preços sujeitos a reajuste conforme tabela do fabricante.\r\n', NULL, '0000-00-00 00:00:00'),
(52, 1, 'Celta 1.0 Flex LS 65%', 16894, '326.62', 60, '0.00', '342.00', '0.00', '0.00', NULL, '0,1', '15,9', NULL, NULL, NULL, NULL, NULL, 's', NULL, 'Grupo com 240 participantes\r\n\r\n.01 Contemplação por sorteio\r\n.03 Contemplações por lance livre\r\n*Conforme disponibilidade financeira do grupo\r\n\r\nLance diluído: Redução no valor das parcelas mensais subsequentes ao pagamento de lance ofertado com recursos próprios, que mantém o prazo de pagamento.\r\n\r\n*Preços sujeitos a reajuste conforme tabela do fabricante.\r\n', NULL, '0000-00-00 00:00:00'),
(54, 1, 'Celta 1.0 Flex LS 70%', 18193, '351.73', 60, '0.00', '368.30', '0.00', '0.00', NULL, '0,1', '15,9', NULL, NULL, NULL, NULL, NULL, 's', NULL, '\r\nGrupo com 240 participantes\r\n\r\n.01 Contemplação por sorteio\r\n.03 Contemplações por lance livre\r\n*Conforme disponibilidade financeira do grupo\r\n\r\nLance diluído: Redução no valor das parcelas mensais subsequentes ao pagamento de lance ofertado com recursos próprios, que mantém o prazo de pagamento.\r\n\r\n*Preços sujeitos a reajuste conforme tabela do fabricante.\r\n', NULL, '0000-00-00 00:00:00'),
(59, 1, 'Novo Fox 1.0 P4P l 60%', 21993, '425.20', 60, '0.00', '445.22', '0.00', '0.00', NULL, '0,1', '15,9', NULL, NULL, NULL, NULL, NULL, 's', NULL, 'Grupo com 240 participantes\r\n\r\n.01 Contemplação por sorteio\r\n.03 Contemplações por lance livre\r\n*Conforme disponibilidade financeira do grupo\r\nLance diluído: Redução no valor das parcelas mensais subsequentes ao pagamento de lance ofertado com recursos próprios, que mantém o prazo de pagamento.\r\n\r\n*Preços sujeitos a reajuste conforme tabela do fabricante.\r\n', NULL, '0000-00-00 00:00:00'),
(66, 1, 'Novo Gol 1.0 4p', 31040, '491.47', 72, '0.00', '519.24', '0.00', '0.00', NULL, '0,1', '13,9', NULL, NULL, NULL, NULL, NULL, 's', NULL, 'Grupo com 216 participantes\r\n.01 Contemplação por sorteio\r\n.02 Contemplações por lance \r\n*Conforme disponibilidade financeira do grupo.\r\n\r\n*Aquisição do veículo de qualquer marca.\r\n\r\nLance diluído: Redução no valor das parcelas mensais subsequentes ao pagamento de lance ofertado com recursos próprios, que mantém o prazo de pagamento.\r\n\r\nLance embutido: Utilização de parte do seu crédito (até 30%) como lance, quando contemplado abatimento das parcelas de ordem inversa diminuindo o prazo do plano contratado.\r\n*Preços sujeitos a reajuste conforme tabela do fabricante.\r\n', NULL, '0000-00-00 00:00:00'),
(68, 1, 'Novo Fox 1.0 ', 33190, '525.51', 72, '0.00', '555.21', '0.00', '0.00', NULL, '0,1', '13,9', NULL, NULL, NULL, NULL, NULL, 's', NULL, 'Grupo com 216 participantes\r\n.01 Contemplação por sorteio\r\n.02 Contemplações por lance \r\n*Conforme disponibilidade financeira do grupo.\r\n\r\n*Aquisição do veículo de qualquer marca.\r\n\r\nLance diluído: Redução no valor das parcelas mensais subsequentes ao pagamento de lance ofertado com recursos próprios, que mantém o prazo de pagamento.\r\n\r\nLance embutido: Utilização de parte do seu crédito (até 30%) como lance, quando contemplado abatimento das parcelas de ordem inversa diminuindo o prazo do plano contratado.\r\n*Preços sujeitos a reajuste conforme tabela do fabricante.\r\n', NULL, '0000-00-00 00:00:00'),
(71, 1, 'Novo Fox 1.0 +4p', 35059, '555.10', 72, '0.00', '586.48', '0.00', '0.00', NULL, '0,1', '13,9', NULL, NULL, NULL, NULL, NULL, 's', NULL, 'Grupo com 216 participantes\r\n.01 Contemplação por sorteio\r\n.02 Contemplações por lance \r\n*Conforme disponibilidade financeira do grupo.\r\n\r\n*Aquisição do veículo de qualquer marca.\r\n\r\nLance diluído: Redução no valor das parcelas mensais subsequentes ao pagamento de lance ofertado com recursos próprios, que mantém o prazo de pagamento.\r\n\r\nLance embutido: Utilização de parte do seu crédito (até 30%) como lance, quando contemplado abatimento das parcelas de ordem inversa diminuindo o prazo do plano contratado.\r\n*Preços sujeitos a reajuste conforme tabela do fabricante.\r\n', NULL, '0000-00-00 00:00:00'),
(73, 1, 'Voyage 1.6 4P', 39990, '633.18', 72, '0.00', '668.96', '0.00', '0.00', NULL, '0,1', '13,9', NULL, NULL, NULL, NULL, NULL, 's', NULL, 'Grupo com 216 participantes\r\n.01 Contemplação por sorteio\r\n.02 Contemplações por lance \r\n*Conforme disponibilidade financeira do grupo.\r\n\r\n*Aquisição do veículo de qualquer marca.\r\n\r\nLance diluído: Redução no valor das parcelas mensais subsequentes ao pagamento de lance ofertado com recursos próprios, que mantém o prazo de pagamento.\r\n\r\nLance embutido: Utilização de parte do seu crédito (até 30%) como lance, quando contemplado abatimento das parcelas de ordem inversa diminuindo o prazo do plano contratado.\r\n\r\n*Preços sujeitos a reajuste conforme tabela do fabricante.\r\n', NULL, '0000-00-00 00:00:00'),
(81, 1, 'New Fiesta Sedan SE 1.6', 53600, '819.00', 72, '0.00', '865.17', '0.00', '0.00', NULL, '0,1', '9,9', NULL, NULL, NULL, NULL, NULL, 's', NULL, 'Grupo com 216 participantes\r\n\r\n.01 Contemplação por sorteio\r\n.02 Contemplações por lance \r\n*Conforme disponibilidade financeira do grupo.\r\n\r\nLance diluído: Redução no valor das parcelas mensais subsequentes ao pagamento de lance ofertado com recursos próprios, que mantém o prazo de pagamento.\r\n\r\nLance embutido: Utilização de parte do seu crédito como lance, quando contemplado abatimento das parcelas de ordem inversa diminuindo o prazo do plano contratado\r\n\r\n*Preços sujeitos a reajuste conforme tabela do fabricante.', NULL, '0000-00-00 00:00:00'),
(83, 1, 'Golf 2.0 ( Aut)', 61270, '936.07', 72, '0.00', '988.98', '0.00', '0.00', NULL, '0,1', '9,9', NULL, NULL, NULL, NULL, NULL, 's', NULL, 'Grupo com 216 participantes\r\n.01 Contemplação por sorteio\r\n.02 Contemplações por lance \r\n*Conforme disponibilidade financeira do grupo.\r\n\r\n*Aquisição do veículo de qualquer marca.\r\n\r\nLance diluído: Redução no valor das parcelas mensais subsequentes ao pagamento de lance ofertado com recursos próprios, que mantém o prazo de pagamento.\r\n\r\nLance embutido: Utilização de parte do seu crédito (até 30%) como lance, quando contemplado abatimento das parcelas de ordem inversa diminuindo o prazo do plano contratado.\r\n\r\n*Preços sujeitos a reajuste conforme tabela do fabricante.\r\n', NULL, '0000-00-00 00:00:00'),
(84, 1, 'Peugeot 308 Active 1.6', 54490, '832.49', 72, '0.00', '879.54', '0.00', '0.00', NULL, '0,1', '9,9', NULL, NULL, NULL, NULL, NULL, 's', NULL, 'Grupo com 216 participantes\r\n.01 Contemplação por sorteio\r\n.02 Contemplações por lance \r\n*Conforme disponibilidade financeira do grupo.\r\n\r\n*Aquisição do veículo de qualquer marca.\r\n\r\nLance diluído: Redução no valor das parcelas mensais subsequentes ao pagamento de lance ofertado com recursos próprios, que mantém o prazo de pagamento.\r\n\r\nLance embutido: Utilização de parte do seu crédito (até 30%) como lance, quando contemplado abatimento das parcelas de ordem inversa diminuindo o prazo do plano contratado.\r\n\r\n*Preços sujeitos a reajuste conforme tabela do fabricante.\r\n', NULL, '0000-00-00 00:00:00'),
(89, 1, 'Peugeot 408 Griffe 2.0 Aut', 74490, '1138.04', 72, '0.00', '1202.36', '0.00', '0.00', NULL, '0,1', '9,9', NULL, NULL, NULL, NULL, NULL, 's', NULL, 'Grupo com 216 participantes\r\n.01 Contemplação por sorteio\r\n.02 Contemplações por lance \r\n*Conforme disponibilidade financeira do grupo.\r\n\r\n*Aquisição do veículo de qualquer marca.\r\n\r\nLance diluído: Redução no valor das parcelas mensais subsequentes ao pagamento de lance ofertado com recursos próprios, que mantém o prazo de pagamento.\r\n\r\nLance embutido: Utilização de parte do seu crédito (até 30%) como lance, quando contemplado abatimento das parcelas de ordem inversa diminuindo o prazo do plano contratado.\r\n\r\n*Preços sujeitos a reajuste conforme tabela do fabricante.\r\n', NULL, '0000-00-00 00:00:00'),
(104, 3, 'Celta 1.0 Flex LS ', 25990, '411.51', 72, '0.00', '434.77', '0.00', '0.00', NULL, '0,1', '13,9', NULL, NULL, NULL, NULL, NULL, 's', NULL, 'Grupo com 216 participantes\r\n.01 Contemplação por sorteio\r\n.02 Contemplações por lance \r\n*Conforme disponibilidade financeira do grupo.\r\n\r\n*Aquisição do veículo de qualquer marca.\r\n\r\nLance diluído: Redução no valor das parcelas mensais subsequentes ao pagamento de lance ofertado com recursos próprios, que mantém o prazo de pagamento.\r\n\r\nLance embutido: Utilização de parte do seu crédito (até 30%) como lance, quando contemplado abatimento das parcelas de ordem inversa diminuindo o prazo do plano contratado.\r\n*Preços sujeitos a reajuste conforme tabela do fabricante.\r\n', NULL, NULL),
(112, 3, 'Novo Fox 1.0 +4p', 35059, '555.10', 72, '0.00', '586.48', '0.00', '0.00', NULL, '0,1', '13,9', NULL, NULL, NULL, NULL, NULL, 's', NULL, 'Grupo com 216 participantes\r\n.01 Contemplação por sorteio\r\n.02 Contemplações por lance \r\n*Conforme disponibilidade financeira do grupo.\r\n\r\n*Aquisição do veículo de qualquer marca.\r\n\r\nLance diluído: Redução no valor das parcelas mensais subsequentes ao pagamento de lance ofertado com recursos próprios, que mantém o prazo de pagamento.\r\n\r\nLance embutido: Utilização de parte do seu crédito (até 30%) como lance, quando contemplado abatimento das parcelas de ordem inversa diminuindo o prazo do plano contratado.\r\n*Preços sujeitos a reajuste conforme tabela do fabricante.\r\n', NULL, NULL),
(117, 3, 'Novo Polo 1.6 T Flex', 49677, '758.95', 72, '0.00', '901.95', '0.00', '0.00', NULL, '0,1', '9,9', NULL, NULL, NULL, NULL, NULL, 's', NULL, 'Grupo com 216 participantes\r\n.01 Contemplação por sorteio\r\n.02 Contemplações por lance \r\n*Conforme disponibilidade financeira do grupo.\r\n\r\n*Aquisição do veículo de qualquer marca.\r\n\r\nLance diluído: Redução no valor das parcelas mensais subsequentes ao pagamento de lance ofertado com recursos próprios, que mantém o prazo de pagamento.\r\n\r\nLance embutido: Utilização de parte do seu crédito (até 30%) como lance, quando contemplado abatimento das parcelas de ordem inversa diminuindo o prazo do plano contratado.\r\n\r\n*Preços sujeitos a reajuste conforme tabela do fabricante.\r\n', NULL, NULL),
(121, 3, 'New Fiesta Sedan SE 1.6', 53600, '819.00', 72, '0.00', '865.17', '0.00', '0.00', NULL, '0,1', '9,9', NULL, NULL, NULL, NULL, NULL, 's', NULL, 'Grupo com 216 participantes\r\n\r\n.01 Contemplação por sorteio\r\n.02 Contemplações por lance \r\n*Conforme disponibilidade financeira do grupo.\r\n\r\nLance diluído: Redução no valor das parcelas mensais subsequentes ao pagamento de lance ofertado com recursos próprios, que mantém o prazo de pagamento.\r\n\r\nLance embutido: Utilização de parte do seu crédito como lance, quando contemplado abatimento das parcelas de ordem inversa diminuindo o prazo do plano contratado\r\n\r\n*Preços sujeitos a reajuste conforme tabela do fabricante.', NULL, NULL),
(123, 3, 'Golf 2.0 ( Aut)', 61270, '936.07', 72, '0.00', '988.98', '0.00', '0.00', NULL, '0,1', '9,9', NULL, NULL, NULL, NULL, NULL, 's', NULL, 'Grupo com 216 participantes\r\n.01 Contemplação por sorteio\r\n.02 Contemplações por lance \r\n*Conforme disponibilidade financeira do grupo.\r\n\r\n*Aquisição do veículo de qualquer marca.\r\n\r\nLance diluído: Redução no valor das parcelas mensais subsequentes ao pagamento de lance ofertado com recursos próprios, que mantém o prazo de pagamento.\r\n\r\nLance embutido: Utilização de parte do seu crédito (até 30%) como lance, quando contemplado abatimento das parcelas de ordem inversa diminuindo o prazo do plano contratado.\r\n\r\n*Preços sujeitos a reajuste conforme tabela do fabricante.\r\n', NULL, NULL),
(125, 4, 'Toyota Corolla XLI', 62100, '948.75', 72, '0.00', '1002.37', '0.00', '0.00', NULL, '0,1', '9,9', NULL, NULL, NULL, NULL, NULL, 's', NULL, 'Grupo com 216 participantes\r\n.01 Contemplação por sorteio\r\n.02 Contemplações por lance \r\n*Conforme disponibilidade financeira do grupo.\r\n\r\n*Aquisição do veículo de qualquer marca.\r\n\r\nLance diluído: Redução no valor das parcelas mensais subsequentes ao pagamento de lance ofertado com recursos próprios, que mantém o prazo de pagamento.\r\n\r\nLance embutido: Utilização de parte do seu crédito (até 30%) como lance, quando contemplado abatimento das parcelas de ordem inversa diminuindo o prazo do plano contratado.\r\n\r\n*Preços sujeitos a reajuste conforme tabela do fabricante.\r\n', NULL, NULL),
(154, 2, 'Crédito para imóvel', 500000, '3352.27', 176, '0.00', '3739.90', '0.00', '2346.59', NULL, '0,1', '17,9', NULL, NULL, NULL, NULL, NULL, 's', NULL, '.1 Uma cota por sorteio, prioritariamente;	\r\n.2 Uma cota por lance livre, ou seja, qualquer valor ofertado acima de 10%.	\r\n.3 Uma cota por lance fixo de 30%.	\r\n* O consorciado deverá na assembleia optar pelo lance fixo ou lance livre, caso haja oferta nas duas	modalidades será considerado somente o lance livre.	\r\n*O consorciado poderá deduzir até 30% do crédito a que tem direito, para pagamento do \r\nlance. (lance embutido).	\r\n*O consorciado poderá optar pelo pagamento da parcela na forma light, reduzida em 30% (Trinta por cento) até a 90 ª assembleia do grupo ou a contemplação o que ocorrer primeiro, os pagamentos seguintes serão no valor integral, acrecido das diferenças geradas nas parcelas anteriores.	\r\n*O consorciado contemplado por lance, após integralizá-lo com recursos próprios, poderá optar pelo pagamento do saldo devedor no prazo restante para o término do grupo. Esta opção da diluição deverá ser informada à Administradora, quando do pagamento do lance.	\r\n*O lance embutido, poderá também ser diluído, se o bem adquirido e ofertado como garantia fiduciária for igual ou maior que o valor do crédito que o consorciado for contemplado. Esta diluição será feita após o faturamento do bem, esta opção deverá ser solicitada pelo consorciado e realizada em até 30 dias após o faturamento.	\r\n*As contemplações ora ajustadas estão condicionadas à existência de recursos suficientes no grupo para a disponibilização dos créditos respectivos;	\r\n.O reajuste do crédito será anual com base no INCC (Índice Nacional da Construção Civil). \r\n.O percentual mensal do seguro de vida é de 0,0657%.	\r\n.O seguro de vida é sobre o saldo devedor.', NULL, '0000-00-00 00:00:00'),
(159, 3, 'NXR 150 BROS ES MIX', 10230, '199.00', 60, '0.00', '207.99', '0.00', '0.00', NULL, '0,1', '16,4', NULL, NULL, NULL, NULL, NULL, 'n', NULL, 'Grupo com 180 participantes\r\n\r\n.01 Contemplação por sorteio\r\n.02 Contemplações por lance livre\r\n*Conforme disponibilidade financeira do grupo\r\n\r\n*Preços sujeitos a reajuste conforme tabela do fabricante.\r\n', NULL, '0000-00-00 00:00:00'),
(160, 3, 'NXR 150 BROS ESD MIX', 10620, '206.00', 60, '0.00', '215.92', '0.00', '0.00', NULL, '0,1', '16,4', NULL, NULL, NULL, NULL, NULL, 'n', NULL, 'Grupo com 180 participantes\r\n\r\n.01 Contemplação por sorteio\r\n.02 Contemplações por lance livre\r\n*Conforme disponibilidade financeira do grupo\r\n\r\n*Preços sujeitos a reajuste conforme tabela do fabricante.\r\n', NULL, '0000-00-00 00:00:00'),
(162, 3, 'XRE 300', 14995, '291.00', 60, '0.00', '304.87', '0.00', '0.00', NULL, '0,1', '16,4', NULL, NULL, NULL, NULL, NULL, 'n', NULL, 'Grupo com 180 participantes\r\n\r\n.01 Contemplação por sorteio\r\n.02 Contemplações por lance livre\r\n*Conforme disponibilidade financeira do grupo\r\n\r\n*Preços sujeitos a reajuste conforme tabela do fabricante.\r\n', NULL, '0000-00-00 00:00:00'),
(164, 2, 'Crédito p/ Imóvel ', 90000, '595.00', 180, '0.00', '665.36', '0.00', '416.50', NULL, '0,1', '18,9', NULL, NULL, NULL, NULL, NULL, 's', NULL, 'Grupo com 540 participantes\r\nTrês contemplações mensais:\r\n.1 (uma) cota por sorteio, prioritariamente;\r\n.2 (duas) cotas por lance: Livre, qualquer valor ofertado acima de 10% e Lance fixo de 30%.\r\n\r\n* O consorciado deverá na assembleia optar pelo lance fixo ou lance livre, caso haja oferta nas duas modalidades será considerado somente o lance livre. \r\n\r\n* Lance Embutido: O consorciado poderá deduzir até 30% do crédito a que tem direito, para pagamento do lance. \r\n\r\n*O consorciado poderá optar pelo pagamento da parcela reduzida em 30% (Trinta por cento) até a contemplação ou 90º parcela o que ocorrer primeiro, os pagamentos seguintes serão no valor integral, acrescido das diferenças geradas nas parcelas anteriores. \r\n\r\n* Opção da diluição da oferta de lance realizada com recursos próprios informando a Administradora, quando fora efetuado o pagamento do lance. \r\n\r\n*O lance embutido, poderá também ser diluído, se o bem adquirido e ofertado como garantia fiduciária for igual ou maior que o valor do crédito que o consorciado for contemplado. Esta diluição será feita após o faturamento do bem, esta opção deverá ser solicitada pelo consorciado e realizada em até 30 dias após o faturamento. \r\n\r\n*As contemplações ora ajustadas estão condicionadas à existência de recursos suficientes no grupo para a disponibilização dos créditos respectivos; \r\n\r\n.O reajuste do crédito será anual com base no INCC (Índice Nacional da Construção Civil). \r\n.O percentual mensal do seguro de vida é de 0,0657%. \r\n.O seguro de vida é sobre o saldo devedor.', NULL, '0000-00-00 00:00:00'),
(165, 2, 'Crédito p/ Imóvel ', 100000, '661.00', 180, '0.00', '739.29', '0.00', '462.78', NULL, '0,1', '18,9', NULL, NULL, NULL, NULL, NULL, 's', NULL, 'Grupo com 540 participantes\r\nTrês contemplações mensais:\r\n.1 (uma) cota por sorteio, prioritariamente;\r\n.2 (duas) cotas por lance: Livre, qualquer valor ofertado acima de 10% e Lance fixo de 30%.\r\n\r\n* O consorciado deverá na assembleia optar pelo lance fixo ou lance livre, caso haja oferta nas duas modalidades será considerado somente o lance livre. \r\n\r\n* Lance Embutido: O consorciado poderá deduzir até 30% do crédito a que tem direito, para pagamento do lance. \r\n\r\n*O consorciado poderá optar pelo pagamento da parcela reduzida em 30% (Trinta por cento) até a contemplação ou 90º parcela o que ocorrer primeiro, os pagamentos seguintes serão no valor integral, acrescido das diferenças geradas nas parcelas anteriores. \r\n\r\n* Opção da diluição da oferta de lance realizada com recursos próprios informando a Administradora, quando fora efetuado o pagamento do lance. \r\n\r\n*O lance embutido, poderá também ser diluído, se o bem adquirido e ofertado como garantia fiduciária for igual ou maior que o valor do crédito que o consorciado for contemplado. Esta diluição será feita após o faturamento do bem, esta opção deverá ser solicitada pelo consorciado e realizada em até 30 dias após o faturamento. \r\n\r\n*As contemplações ora ajustadas estão condicionadas à existência de recursos suficientes no grupo para a disponibilização dos créditos respectivos; \r\n\r\n.O reajuste do crédito será anual com base no INCC (Índice Nacional da Construção Civil). \r\n.O percentual mensal do seguro de vida é de 0,0657%. \r\n.O seguro de vida é sobre o saldo devedor.', NULL, '0000-00-00 00:00:00'),
(166, 2, 'Crédito p/ Imóvel ', 110000, '727.00', 180, '0.00', '813.22', '0.00', '509.06', NULL, '0,1', '18,9', NULL, NULL, NULL, NULL, NULL, 's', NULL, 'Grupo com 540 participantes\r\nTrês contemplações mensais:\r\n.1 (uma) cota por sorteio, prioritariamente;\r\n.2 (duas) cotas por lance: Livre, qualquer valor ofertado acima de 10% e Lance fixo de 30%.\r\n\r\n* O consorciado deverá na assembleia optar pelo lance fixo ou lance livre, caso haja oferta nas duas modalidades será considerado somente o lance livre. \r\n\r\n* Lance Embutido: O consorciado poderá deduzir até 30% do crédito a que tem direito, para pagamento do lance. \r\n\r\n*O consorciado poderá optar pelo pagamento da parcela reduzida em 30% (Trinta por cento) até a contemplação ou 90º parcela o que ocorrer primeiro, os pagamentos seguintes serão no valor integral, acrescido das diferenças geradas nas parcelas anteriores. \r\n\r\n* Opção da diluição da oferta de lance realizada com recursos próprios informando a Administradora, quando fora efetuado o pagamento do lance. \r\n\r\n*O lance embutido, poderá também ser diluído, se o bem adquirido e ofertado como garantia fiduciária for igual ou maior que o valor do crédito que o consorciado for contemplado. Esta diluição será feita após o faturamento do bem, esta opção deverá ser solicitada pelo consorciado e realizada em até 30 dias após o faturamento. \r\n\r\n*As contemplações ora ajustadas estão condicionadas à existência de recursos suficientes no grupo para a disponibilização dos créditos respectivos; \r\n\r\n.O reajuste do crédito será anual com base no INCC (Índice Nacional da Construção Civil). \r\n.O percentual mensal do seguro de vida é de 0,0657%. \r\n.O seguro de vida é sobre o saldo devedor.', NULL, '0000-00-00 00:00:00'),
(167, 2, 'Crédito p/ Imóvel ', 120000, '793.00', 180, '0.00', '887.15', '0.00', '555.33', NULL, '0,1', '18,9', NULL, NULL, NULL, NULL, NULL, 's', NULL, 'Grupo com 540 participantes\r\nTrês contemplações mensais:\r\n.1 (uma) cota por sorteio, prioritariamente;\r\n.2 (duas) cotas por lance: Livre, qualquer valor ofertado acima de 10% e Lance fixo de 30%.\r\n\r\n* O consorciado deverá na assembleia optar pelo lance fixo ou lance livre, caso haja oferta nas duas modalidades será considerado somente o lance livre. \r\n\r\n* Lance Embutido: O consorciado poderá deduzir até 30% do crédito a que tem direito, para pagamento do lance. \r\n\r\n*O consorciado poderá optar pelo pagamento da parcela reduzida em 30% (Trinta por cento) até a contemplação ou 90º parcela o que ocorrer primeiro, os pagamentos seguintes serão no valor integral, acrescido das diferenças geradas nas parcelas anteriores. \r\n\r\n* Opção da diluição da oferta de lance realizada com recursos próprios informando a Administradora, quando fora efetuado o pagamento do lance. \r\n\r\n*O lance embutido, poderá também ser diluído, se o bem adquirido e ofertado como garantia fiduciária for igual ou maior que o valor do crédito que o consorciado for contemplado. Esta diluição será feita após o faturamento do bem, esta opção deverá ser solicitada pelo consorciado e realizada em até 30 dias após o faturamento. \r\n\r\n*As contemplações ora ajustadas estão condicionadas à existência de recursos suficientes no grupo para a disponibilização dos créditos respectivos; \r\n\r\n.O reajuste do crédito será anual com base no INCC (Índice Nacional da Construção Civil). \r\n.O percentual mensal do seguro de vida é de 0,0657%. \r\n.O seguro de vida é sobre o saldo devedor.', NULL, '0000-00-00 00:00:00'),
(168, 2, 'Crédito p/ Imóvel ', 130000, '859.00', 180, '0.00', '961.08', '0.00', '601.61', NULL, '0,1', '18,9', NULL, NULL, NULL, NULL, NULL, 's', NULL, 'Grupo com 540 participantes\r\nTrês contemplações mensais:\r\n.1 (uma) cota por sorteio, prioritariamente;\r\n.2 (duas) cotas por lance: Livre, qualquer valor ofertado acima de 10% e Lance fixo de 30%.\r\n\r\n* O consorciado deverá na assembleia optar pelo lance fixo ou lance livre, caso haja oferta nas duas modalidades será considerado somente o lance livre. \r\n\r\n* Lance Embutido: O consorciado poderá deduzir até 30% do crédito a que tem direito, para pagamento do lance. \r\n\r\n*O consorciado poderá optar pelo pagamento da parcela reduzida em 30% (Trinta por cento) até a contemplação ou 90º parcela o que ocorrer primeiro, os pagamentos seguintes serão no valor integral, acrescido das diferenças geradas nas parcelas anteriores. \r\n\r\n* Opção da diluição da oferta de lance realizada com recursos próprios informando a Administradora, quando fora efetuado o pagamento do lance. \r\n\r\n*O lance embutido, poderá também ser diluído, se o bem adquirido e ofertado como garantia fiduciária for igual ou maior que o valor do crédito que o consorciado for contemplado. Esta diluição será feita após o faturamento do bem, esta opção deverá ser solicitada pelo consorciado e realizada em até 30 dias após o faturamento. \r\n\r\n*As contemplações ora ajustadas estão condicionadas à existência de recursos suficientes no grupo para a disponibilização dos créditos respectivos; \r\n\r\n.O reajuste do crédito será anual com base no INCC (Índice Nacional da Construção Civil). \r\n.O percentual mensal do seguro de vida é de 0,0657%. \r\n.O seguro de vida é sobre o saldo devedor.', NULL, '0000-00-00 00:00:00'),
(169, 2, 'Crédito p/ Imóvel ', 140000, '926.00', 180, '0.00', '1035.01', '0.00', '647.89', NULL, '0,1', '18,9', NULL, NULL, NULL, NULL, NULL, 's', NULL, 'Grupo com 540 participantes\r\nTrês contemplações mensais:\r\n.1 (uma) cota por sorteio, prioritariamente;\r\n.2 (duas) cotas por lance: Livre, qualquer valor ofertado acima de 10% e Lance fixo de 30%.\r\n\r\n* O consorciado deverá na assembleia optar pelo lance fixo ou lance livre, caso haja oferta nas duas modalidades será considerado somente o lance livre. \r\n\r\n* Lance Embutido: O consorciado poderá deduzir até 30% do crédito a que tem direito, para pagamento do lance. \r\n\r\n*O consorciado poderá optar pelo pagamento da parcela reduzida em 30% (Trinta por cento) até a contemplação ou 90º parcela o que ocorrer primeiro, os pagamentos seguintes serão no valor integral, acrescido das diferenças geradas nas parcelas anteriores. \r\n\r\n* Opção da diluição da oferta de lance realizada com recursos próprios informando a Administradora, quando fora efetuado o pagamento do lance. \r\n\r\n*O lance embutido, poderá também ser diluído, se o bem adquirido e ofertado como garantia fiduciária for igual ou maior que o valor do crédito que o consorciado for contemplado. Esta diluição será feita após o faturamento do bem, esta opção deverá ser solicitada pelo consorciado e realizada em até 30 dias após o faturamento. \r\n\r\n*As contemplações ora ajustadas estão condicionadas à existência de recursos suficientes no grupo para a disponibilização dos créditos respectivos; \r\n\r\n.O reajuste do crédito será anual com base no INCC (Índice Nacional da Construção Civil). \r\n.O percentual mensal do seguro de vida é de 0,0657%. \r\n.O seguro de vida é sobre o saldo devedor.', NULL, '0000-00-00 00:00:00'),
(170, 2, 'Crédito p/ Imóvel ', 150000, '992.00', 180, '0.00', '1108.94', '0.00', '694.17', NULL, '0,1', '18,9', NULL, NULL, NULL, NULL, NULL, 's', NULL, 'Grupo com 540 participantes\r\nTrês contemplações mensais:\r\n.1 (uma) cota por sorteio, prioritariamente;\r\n.2 (duas) cotas por lance: Livre, qualquer valor ofertado acima de 10% e Lance fixo de 30%.\r\n\r\n* O consorciado deverá na assembleia optar pelo lance fixo ou lance livre, caso haja oferta nas duas modalidades será considerado somente o lance livre. \r\n\r\n* Lance Embutido: O consorciado poderá deduzir até 30% do crédito a que tem direito, para pagamento do lance. \r\n\r\n*O consorciado poderá optar pelo pagamento da parcela reduzida em 30% (Trinta por cento) até a contemplação ou 90º parcela o que ocorrer primeiro, os pagamentos seguintes serão no valor integral, acrescido das diferenças geradas nas parcelas anteriores. \r\n\r\n* Opção da diluição da oferta de lance realizada com recursos próprios informando a Administradora, quando fora efetuado o pagamento do lance. \r\n\r\n*O lance embutido, poderá também ser diluído, se o bem adquirido e ofertado como garantia fiduciária for igual ou maior que o valor do crédito que o consorciado for contemplado. Esta diluição será feita após o faturamento do bem, esta opção deverá ser solicitada pelo consorciado e realizada em até 30 dias após o faturamento. \r\n\r\n*As contemplações ora ajustadas estão condicionadas à existência de recursos suficientes no grupo para a disponibilização dos créditos respectivos; \r\n\r\n.O reajuste do crédito será anual com base no INCC (Índice Nacional da Construção Civil). \r\n.O percentual mensal do seguro de vida é de 0,0657%. \r\n.O seguro de vida é sobre o saldo devedor.', NULL, '0000-00-00 00:00:00'),
(171, 2, 'Crédito p/ Imóvel ', 160000, '1058.00', 180, '0.00', '1182.87', '0.00', '740.44', NULL, '0,1', '18,9', NULL, NULL, NULL, NULL, NULL, 's', NULL, 'Grupo com 540 participantes\r\nTrês contemplações mensais:\r\n.1 (uma) cota por sorteio, prioritariamente;\r\n.2 (duas) cotas por lance: Livre, qualquer valor ofertado acima de 10% e Lance fixo de 30%.\r\n\r\n* O consorciado deverá na assembleia optar pelo lance fixo ou lance livre, caso haja oferta nas duas modalidades será considerado somente o lance livre. \r\n\r\n* Lance Embutido: O consorciado poderá deduzir até 30% do crédito a que tem direito, para pagamento do lance. \r\n\r\n*O consorciado poderá optar pelo pagamento da parcela reduzida em 30% (Trinta por cento) até a contemplação ou 90º parcela o que ocorrer primeiro, os pagamentos seguintes serão no valor integral, acrescido das diferenças geradas nas parcelas anteriores. \r\n\r\n* Opção da diluição da oferta de lance realizada com recursos próprios informando a Administradora, quando fora efetuado o pagamento do lance. \r\n\r\n*O lance embutido, poderá também ser diluído, se o bem adquirido e ofertado como garantia fiduciária for igual ou maior que o valor do crédito que o consorciado for contemplado. Esta diluição será feita após o faturamento do bem, esta opção deverá ser solicitada pelo consorciado e realizada em até 30 dias após o faturamento. \r\n\r\n*As contemplações ora ajustadas estão condicionadas à existência de recursos suficientes no grupo para a disponibilização dos créditos respectivos; \r\n\r\n.O reajuste do crédito será anual com base no INCC (Índice Nacional da Construção Civil). \r\n.O percentual mensal do seguro de vida é de 0,0657%. \r\n.O seguro de vida é sobre o saldo devedor.', NULL, '0000-00-00 00:00:00'),
(172, 2, 'Crédito p/ Imóvel ', 250000, '1676.14', 176, '0.00', '1869.95', '0.00', '1173.30', NULL, '0,1', '17,9', NULL, NULL, NULL, NULL, NULL, 's', NULL, 'Grupo com 540 participantes\r\n\r\nContemplações\r\n.1 Uma cota por sorteio, prioritariamente;	\r\n.2 Uma cota por lance livre, ou seja, qualquer valor ofertado acima de 10%.	\r\n.3 Uma cota por lance fixo de 30%.	\r\n\r\nOpção de lance embutido: 30%\r\n\r\nO reajuste do crédito será anual com base no INCC (Índice Nacional da Construção Civil). \r\n\r\nCrédito para:\r\nCasa, apartamento, terreno, construção, reforma, comercial ou industrial.', NULL, '0000-00-00 00:00:00'),
(173, 2, 'Crédito p/ Imóvel ', 300000, '2011.36', 176, '0.00', '2243.94', '0.00', '1407.95', NULL, '0,1', '17,9', NULL, NULL, NULL, NULL, NULL, 's', NULL, '.1 Uma cota por sorteio, prioritariamente;	\r\n.2 Uma cota por lance livre, ou seja, qualquer valor ofertado acima de 10%.	\r\n.3 Uma cota por lance fixo de 30%.	\r\n* O consorciado deverá na assembleia optar pelo lance fixo ou lance livre, caso haja oferta nas duas	modalidades será considerado somente o lance livre.	\r\n*O consorciado poderá deduzir até 30% do crédito a que tem direito, para pagamento do \r\nlance. (lance embutido).	\r\n*O consorciado poderá optar pelo pagamento da parcela na forma light, reduzida em 30% (Trinta por cento) até a 90 ª assembleia do grupo ou a contemplação o que ocorrer primeiro, os pagamentos seguintes serão no valor integral, acrecido das diferenças geradas nas parcelas anteriores.	\r\n*O consorciado contemplado por lance, após integralizá-lo com recursos próprios, poderá optar pelo pagamento do saldo devedor no prazo restante para o término do grupo. Esta opção da diluição deverá ser informada à Administradora, quando do pagamento do lance.	\r\n*O lance embutido, poderá também ser diluído, se o bem adquirido e ofertado como garantia fiduciária for igual ou maior que o valor do crédito que o consorciado for contemplado. Esta diluição será feita após o faturamento do bem, esta opção deverá ser solicitada pelo consorciado e realizada em até 30 dias após o faturamento.	\r\n*As contemplações ora ajustadas estão condicionadas à existência de recursos suficientes no grupo para a disponibilização dos créditos respectivos;	\r\n.O reajuste do crédito será anual com base no INCC (Índice Nacional da Construção Civil). \r\n.O percentual mensal do seguro de vida é de 0,0657%.	\r\n.O seguro de vida é sobre o saldo devedor.', NULL, '0000-00-00 00:00:00'),
(174, 2, 'Crédito p/ Imóvel ', 350000, '2346.59', 176, '0.00', '2617.93', '0.00', '1642.61', NULL, '0,1', '17,9', NULL, NULL, NULL, NULL, NULL, 's', NULL, '.1 Uma cota por sorteio, prioritariamente;	\r\n.2 Uma cota por lance livre, ou seja, qualquer valor ofertado acima de 10%.	\r\n.3 Uma cota por lance fixo de 30%.	\r\n* O consorciado deverá na assembleia optar pelo lance fixo ou lance livre, caso haja oferta nas duas	modalidades será considerado somente o lance livre.	\r\n*O consorciado poderá deduzir até 30% do crédito a que tem direito, para pagamento do \r\nlance. (lance embutido).	\r\n*O consorciado poderá optar pelo pagamento da parcela na forma light, reduzida em 30% (Trinta por cento) até a 90 ª assembleia do grupo ou a contemplação o que ocorrer primeiro, os pagamentos seguintes serão no valor integral, acrecido das diferenças geradas nas parcelas anteriores.	\r\n*O consorciado contemplado por lance, após integralizá-lo com recursos próprios, poderá optar pelo pagamento do saldo devedor no prazo restante para o término do grupo. Esta opção da diluição deverá ser informada à Administradora, quando do pagamento do lance.	\r\n*O lance embutido, poderá também ser diluído, se o bem adquirido e ofertado como garantia fiduciária for igual ou maior que o valor do crédito que o consorciado for contemplado. Esta diluição será feita após o faturamento do bem, esta opção deverá ser solicitada pelo consorciado e realizada em até 30 dias após o faturamento.	\r\n*As contemplações ora ajustadas estão condicionadas à existência de recursos suficientes no grupo para a disponibilização dos créditos respectivos;	\r\n.O reajuste do crédito será anual com base no INCC (Índice Nacional da Construção Civil). \r\n.O percentual mensal do seguro de vida é de 0,0657%.	\r\n.O seguro de vida é sobre o saldo devedor.', NULL, '0000-00-00 00:00:00'),
(175, 2, 'Crédito p/ Imóvel ', 400000, '2681.82', 176, '0.00', '2991.92', '0.00', '1877.27', NULL, '0,1', '17,9', NULL, NULL, NULL, NULL, NULL, 's', NULL, '.1 Uma cota por sorteio, prioritariamente;	\r\n.2 Uma cota por lance livre, ou seja, qualquer valor ofertado acima de 10%.	\r\n.3 Uma cota por lance fixo de 30%.	\r\n* O consorciado deverá na assembleia optar pelo lance fixo ou lance livre, caso haja oferta nas duas	modalidades será considerado somente o lance livre.	\r\n*O consorciado poderá deduzir até 30% do crédito a que tem direito, para pagamento do \r\nlance. (lance embutido).	\r\n*O consorciado poderá optar pelo pagamento da parcela na forma light, reduzida em 30% (Trinta por cento) até a 90 ª assembleia do grupo ou a contemplação o que ocorrer primeiro, os pagamentos seguintes serão no valor integral, acrecido das diferenças geradas nas parcelas anteriores.	\r\n*O consorciado contemplado por lance, após integralizá-lo com recursos próprios, poderá optar pelo pagamento do saldo devedor no prazo restante para o término do grupo. Esta opção da diluição deverá ser informada à Administradora, quando do pagamento do lance.	\r\n*O lance embutido, poderá também ser diluído, se o bem adquirido e ofertado como garantia fiduciária for igual ou maior que o valor do crédito que o consorciado for contemplado. Esta diluição será feita após o faturamento do bem, esta opção deverá ser solicitada pelo consorciado e realizada em até 30 dias após o faturamento.	\r\n*As contemplações ora ajustadas estão condicionadas à existência de recursos suficientes no grupo para a disponibilização dos créditos respectivos;	\r\n.O reajuste do crédito será anual com base no INCC (Índice Nacional da Construção Civil). \r\n.O percentual mensal do seguro de vida é de 0,0657%.	\r\n.O seguro de vida é sobre o saldo devedor.', NULL, '0000-00-00 00:00:00'),
(176, 2, 'Crédito p/ Imóvel ', 450000, '3017.05', 176, '0.00', '3365.91', '0.00', '2111.93', NULL, '0,1', '17,9', NULL, NULL, NULL, NULL, NULL, 's', NULL, '.1 Uma cota por sorteio, prioritariamente;	\r\n.2 Uma cota por lance livre, ou seja, qualquer valor ofertado acima de 10%.	\r\n.3 Uma cota por lance fixo de 30%.	\r\n* O consorciado deverá na assembleia optar pelo lance fixo ou lance livre, caso haja oferta nas duas	modalidades será considerado somente o lance livre.	\r\n*O consorciado poderá deduzir até 30% do crédito a que tem direito, para pagamento do \r\nlance. (lance embutido).	\r\n*O consorciado poderá optar pelo pagamento da parcela na forma light, reduzida em 30% (Trinta por cento) até a 90 ª assembleia do grupo ou a contemplação o que ocorrer primeiro, os pagamentos seguintes serão no valor integral, acrecido das diferenças geradas nas parcelas anteriores.	\r\n*O consorciado contemplado por lance, após integralizá-lo com recursos próprios, poderá optar pelo pagamento do saldo devedor no prazo restante para o término do grupo. Esta opção da diluição deverá ser informada à Administradora, quando do pagamento do lance.	\r\n*O lance embutido, poderá também ser diluído, se o bem adquirido e ofertado como garantia fiduciária for igual ou maior que o valor do crédito que o consorciado for contemplado. Esta diluição será feita após o faturamento do bem, esta opção deverá ser solicitada pelo consorciado e realizada em até 30 dias após o faturamento.	\r\n*As contemplações ora ajustadas estão condicionadas à existência de recursos suficientes no grupo para a disponibilização dos créditos respectivos;	\r\n.O reajuste do crédito será anual com base no INCC (Índice Nacional da Construção Civil). \r\n.O percentual mensal do seguro de vida é de 0,0657%.	\r\n.O seguro de vida é sobre o saldo devedor.', NULL, '0000-00-00 00:00:00'),
(183, 1, 'Amarok SE DC 4x4', 103990, '1429.86', 80, '0.00', '1519.66', '0.00', '0.00', NULL, '0,1', '9,9', NULL, NULL, NULL, NULL, NULL, 's', NULL, 'Grupo com 240 Participantes\r\n*01 (uma) cota por sorteio,\r\n*01 (uma) cota por lance livre e						\r\n*01 (uma) cota por lance fixo, e demais por lance livre conforme saldo de caixa.\r\n\r\n.Os lances, que deverão ser ofertados em percentual sobre o valor do bem mais taxas, dividir-se-ão em duas modalidades.\r\n.Lance fixo: deverá ser ofertado o percentual de 30% (trinta por cento).\r\n.Lance livre: qualquer percentual ofertado, diferente da modalidade de lance fixo, respeitando-se os limites constantes no contrato original.\r\n.O consorciado poderá deduzir  até  30% do crédito a que tem direito,  para  pagamento do lance.						\r\n.O consorciado deverá na assembléia optar pelo lance fixo ou lance livre, caso  haja  oferta nas duas modalidades será considerado lance livre.						\r\n.O consorciado contemplado por Lance, após integralizá-lo, poderá optar pelo pagamento	do saldo devedor no prazo restante para o término do grupo originalmente contratado, diminuindo o percentual mensal de pagamento. Lance embutido não dilui. Esta opção da diluição deverá ser informada à Administradora, quando do pagamento de lance.\r\n.As contemplações ora ajustadas estão condicionadas à existência de recursos suficientes no grupo para a disponibilização dos créditos respectivos;						\r\n						\r\n*Os preços e os modelos desta tabela estão sujeitos a alterações por parte do fabricante, sem prévio aviso.						', NULL, '0000-00-00 00:00:00'),
(184, 1, 'Hilux Cab Dupla 4x4 SR', 116900, '1607.38', 80, '0.00', '1708.32', '0.00', '0.00', NULL, '0,1', '9,9', NULL, NULL, NULL, NULL, NULL, 's', NULL, 'Grupo com 240 Participantes\r\n*01 (uma) cota por sorteio,\r\n*01 (uma) cota por lance livre e						\r\n*01 (uma) cota por lance fixo, e demais por lance livre conforme saldo de caixa.\r\n\r\n.Os lances, que deverão ser ofertados em percentual sobre o valor do bem mais taxas, dividir-se-ão em duas modalidades.\r\n.Lance fixo: deverá ser ofertado o percentual de 30% (trinta por cento).\r\n.Lance livre: qualquer percentual ofertado, diferente da modalidade de lance fixo, respeitando-se os limites constantes no contrato original.\r\n.O consorciado poderá deduzir  até  30% do crédito a que tem direito,  para  pagamento do lance.						\r\n.O consorciado deverá na assembléia optar pelo lance fixo ou lance livre, caso  haja  oferta nas duas modalidades será considerado lance livre.						\r\n.O consorciado contemplado por Lance, após integralizá-lo, poderá optar pelo pagamento	do saldo devedor no prazo restante para o término do grupo originalmente contratado, diminuindo o percentual mensal de pagamento. Lance embutido não dilui. Esta opção da diluição deverá ser informada à Administradora, quando do pagamento de lance.\r\n.As contemplações ora ajustadas estão condicionadas à existência de recursos suficientes no grupo para a disponibilização dos créditos respectivos;						\r\n						\r\n*Os preços e os modelos desta tabela estão sujeitos a alterações por parte do fabricante, sem prévio aviso.						', NULL, '0000-00-00 00:00:00'),
(185, 1, 'Toyota Hilux SW4 Flex SR', 116990, '1608.61', 80, '0.00', '1709.63', '0.00', '0.00', NULL, '0,1', '9,9', NULL, NULL, NULL, NULL, NULL, 's', NULL, 'Grupo com 240 Participantes\r\n*01 (uma) cota por sorteio,\r\n*01 (uma) cota por lance livre e						\r\n*01 (uma) cota por lance fixo, e demais por lance livre conforme saldo de caixa.\r\n\r\n.Os lances, que deverão ser ofertados em percentual sobre o valor do bem mais taxas, dividir-se-ão em duas modalidades.\r\n.Lance fixo: deverá ser ofertado o percentual de 30% (trinta por cento).\r\n.Lance livre: qualquer percentual ofertado, diferente da modalidade de lance fixo, respeitando-se os limites constantes no contrato original.\r\n.O consorciado poderá deduzir  até  30% do crédito a que tem direito,  para  pagamento do lance.						\r\n.O consorciado deverá na assembléia optar pelo lance fixo ou lance livre, caso  haja  oferta nas duas modalidades será considerado lance livre.						\r\n.O consorciado contemplado por Lance, após integralizá-lo, poderá optar pelo pagamento	do saldo devedor no prazo restante para o término do grupo originalmente contratado, diminuindo o percentual mensal de pagamento. Lance embutido não dilui. Esta opção da diluição deverá ser informada à Administradora, quando do pagamento de lance.\r\n.As contemplações ora ajustadas estão condicionadas à existência de recursos suficientes no grupo para a disponibilização dos créditos respectivos;						\r\n						\r\n*Os preços e os modelos desta tabela estão sujeitos a alterações por parte do fabricante, sem prévio aviso.						', NULL, '0000-00-00 00:00:00'),
(187, 1, 'Hilux Cab Dupla 4x4 SRV', 133370, '1833.84', 80, '0.00', '1949.00', '0.00', '0.00', NULL, '0,1', '9,9', NULL, NULL, NULL, NULL, NULL, 's', NULL, 'Grupo com 240 Participantes\r\n*01 (uma) cota por sorteio,\r\n*01 (uma) cota por lance livre e						\r\n*01 (uma) cota por lance fixo, e demais por lance livre conforme saldo de caixa.\r\n\r\n.Os lances, que deverão ser ofertados em percentual sobre o valor do bem mais taxas, dividir-se-ão em duas modalidades.\r\n.Lance fixo: deverá ser ofertado o percentual de 30% (trinta por cento).\r\n.Lance livre: qualquer percentual ofertado, diferente da modalidade de lance fixo, respeitando-se os limites constantes no contrato original.\r\n.O consorciado poderá deduzir  até  30% do crédito a que tem direito,  para  pagamento do lance.						\r\n.O consorciado deverá na assembléia optar pelo lance fixo ou lance livre, caso  haja  oferta nas duas modalidades será considerado lance livre.						\r\n.O consorciado contemplado por Lance, após integralizá-lo, poderá optar pelo pagamento	do saldo devedor no prazo restante para o término do grupo originalmente contratado, diminuindo o percentual mensal de pagamento. Lance embutido não dilui. Esta opção da diluição deverá ser informada à Administradora, quando do pagamento de lance.\r\n.As contemplações ora ajustadas estão condicionadas à existência de recursos suficientes no grupo para a disponibilização dos créditos respectivos;						\r\n						\r\n*Os preços e os modelos desta tabela estão sujeitos a alterações por parte do fabricante, sem prévio aviso.						', NULL, '0000-00-00 00:00:00'),
(188, 1, 'Nova S10 Cab Dupla LTZ', 135990, '1869.86', 80, '0.00', '1987.29', '0.00', '0.00', NULL, '0,1', '9,9', NULL, NULL, NULL, NULL, NULL, 's', NULL, 'Grupo com 240 Participantes\r\n*01 (uma) cota por sorteio,\r\n*01 (uma) cota por lance livre e						\r\n*01 (uma) cota por lance fixo, e demais por lance livre conforme saldo de caixa.\r\n\r\n.Os lances, que deverão ser ofertados em percentual sobre o valor do bem mais taxas, dividir-se-ão em duas modalidades.\r\n.Lance fixo: deverá ser ofertado o percentual de 30% (trinta por cento).\r\n.Lance livre: qualquer percentual ofertado, diferente da modalidade de lance fixo, respeitando-se os limites constantes no contrato original.\r\n.O consorciado poderá deduzir  até  30% do crédito a que tem direito,  para  pagamento do lance.						\r\n.O consorciado deverá na assembléia optar pelo lance fixo ou lance livre, caso  haja  oferta nas duas modalidades será considerado lance livre.						\r\n.O consorciado contemplado por Lance, após integralizá-lo, poderá optar pelo pagamento	do saldo devedor no prazo restante para o término do grupo originalmente contratado, diminuindo o percentual mensal de pagamento. Lance embutido não dilui. Esta opção da diluição deverá ser informada à Administradora, quando do pagamento de lance.\r\n.As contemplações ora ajustadas estão condicionadas à existência de recursos suficientes no grupo para a disponibilização dos créditos respectivos;						\r\n						\r\n*Os preços e os modelos desta tabela estão sujeitos a alterações por parte do fabricante, sem prévio aviso.						', NULL, '0000-00-00 00:00:00'),
(189, 1, 'Hilux Cab Dupla 4x4 SRV AUT', 140930, '1937.79', 80, '0.00', '2059.48', '0.00', '0.00', NULL, '0,1', '9,9', NULL, NULL, NULL, NULL, NULL, 's', NULL, 'Grupo com 240 Participantes\r\n*01 (uma) cota por sorteio,\r\n*01 (uma) cota por lance livre e						\r\n*01 (uma) cota por lance fixo, e demais por lance livre conforme saldo de caixa.\r\n\r\n.Os lances, que deverão ser ofertados em percentual sobre o valor do bem mais taxas, dividir-se-ão em duas modalidades.\r\n.Lance fixo: deverá ser ofertado o percentual de 30% (trinta por cento).\r\n.Lance livre: qualquer percentual ofertado, diferente da modalidade de lance fixo, respeitando-se os limites constantes no contrato original.\r\n.O consorciado poderá deduzir  até  30% do crédito a que tem direito,  para  pagamento do lance.						\r\n.O consorciado deverá na assembléia optar pelo lance fixo ou lance livre, caso  haja  oferta nas duas modalidades será considerado lance livre.						\r\n.O consorciado contemplado por Lance, após integralizá-lo, poderá optar pelo pagamento	do saldo devedor no prazo restante para o término do grupo originalmente contratado, diminuindo o percentual mensal de pagamento. Lance embutido não dilui. Esta opção da diluição deverá ser informada à Administradora, quando do pagamento de lance.\r\n.As contemplações ora ajustadas estão condicionadas à existência de recursos suficientes no grupo para a disponibilização dos créditos respectivos;						\r\n						\r\n*Os preços e os modelos desta tabela estão sujeitos a alterações por parte do fabricante, sem prévio aviso.						', NULL, '0000-00-00 00:00:00');
INSERT INTO `consorcios` (`id`, `categoria_consorcio_id`, `descricao_bem`, `credito`, `parcela`, `prazo`, `valor_bem`, `parcela_com_seguro`, `parcela_sem_seguro`, `parcela_reduzida`, `dia_vencimento`, `fundo_reserva`, `taxa_administracao`, `grupo`, `cota`, `digito`, `previsao_primeira_assembleia`, `descricao_credito`, `lance_diluido`, `lance_diluido_faixa_valor`, `obs`, `descricao_grupo_elite`, `datahoracadastro`) VALUES
(190, 1, 'Hilux Cab Dupla 4x4 SRV +10%', 146707, '2017.00', 80, '0.00', '2143.90', '0.00', '0.00', NULL, '0,1', '9,9', NULL, NULL, NULL, NULL, NULL, 's', NULL, 'Grupo com 240 Participantes\r\n*01 (uma) cota por sorteio,\r\n*01 (uma) cota por lance livre e						\r\n*01 (uma) cota por lance fixo, e demais por lance livre conforme saldo de caixa.\r\n\r\n.Os lances, que deverão ser ofertados em percentual sobre o valor do bem mais taxas, dividir-se-ão em duas modalidades.\r\n.Lance fixo: deverá ser ofertado o percentual de 30% (trinta por cento).\r\n.Lance livre: qualquer percentual ofertado, diferente da modalidade de lance fixo, respeitando-se os limites constantes no contrato original.\r\n.O consorciado poderá deduzir  até  30% do crédito a que tem direito,  para  pagamento do lance.						\r\n.O consorciado deverá na assembléia optar pelo lance fixo ou lance livre, caso  haja  oferta nas duas modalidades será considerado lance livre.						\r\n.O consorciado contemplado por Lance, após integralizá-lo, poderá optar pelo pagamento	do saldo devedor no prazo restante para o término do grupo originalmente contratado, diminuindo o percentual mensal de pagamento. Lance embutido não dilui. Esta opção da diluição deverá ser informada à Administradora, quando do pagamento de lance.\r\n.As contemplações ora ajustadas estão condicionadas à existência de recursos suficientes no grupo para a disponibilização dos créditos respectivos;						\r\n						\r\n*Os preços e os modelos desta tabela estão sujeitos a alterações por parte do fabricante, sem prévio aviso.						', NULL, '0000-00-00 00:00:00'),
(192, 1, 'Nova S10 Cab Dupla LTZ +15%', 156389, '2150.35', 80, '0.00', '2285.39', '0.00', '0.00', NULL, '0,1', '9,9', NULL, NULL, NULL, NULL, NULL, 's', NULL, 'Grupo com 240 Participantes\r\n*01 (uma) cota por sorteio,\r\n*01 (uma) cota por lance livre e						\r\n*01 (uma) cota por lance fixo, e demais por lance livre conforme saldo de caixa.\r\n\r\n.Os lances, que deverão ser ofertados em percentual sobre o valor do bem mais taxas, dividir-se-ão em duas modalidades.\r\n.Lance fixo: deverá ser ofertado o percentual de 30% (trinta por cento).\r\n.Lance livre: qualquer percentual ofertado, diferente da modalidade de lance fixo, respeitando-se os limites constantes no contrato original.\r\n.O consorciado poderá deduzir  até  30% do crédito a que tem direito,  para  pagamento do lance.						\r\n.O consorciado deverá na assembléia optar pelo lance fixo ou lance livre, caso  haja  oferta nas duas modalidades será considerado lance livre.						\r\n.O consorciado contemplado por Lance, após integralizá-lo, poderá optar pelo pagamento	do saldo devedor no prazo restante para o término do grupo originalmente contratado, diminuindo o percentual mensal de pagamento. Lance embutido não dilui. Esta opção da diluição deverá ser informada à Administradora, quando do pagamento de lance.\r\n.As contemplações ora ajustadas estão condicionadas à existência de recursos suficientes no grupo para a disponibilização dos créditos respectivos;						\r\n						\r\n*Os preços e os modelos desta tabela estão sujeitos a alterações por parte do fabricante, sem prévio aviso.						', NULL, '0000-00-00 00:00:00'),
(193, 1, 'Hilux Cab Dupla 4x4 SRV +20%', 160044, '2200.61', 80, '0.00', '2338.80', '0.00', '0.00', NULL, '0,1', '9,9', NULL, NULL, NULL, NULL, NULL, 's', NULL, 'Grupo com 240 Participantes\r\n*01 (uma) cota por sorteio,\r\n*01 (uma) cota por lance livre e						\r\n*01 (uma) cota por lance fixo, e demais por lance livre conforme saldo de caixa.\r\n\r\n.Os lances, que deverão ser ofertados em percentual sobre o valor do bem mais taxas, dividir-se-ão em duas modalidades.\r\n.Lance fixo: deverá ser ofertado o percentual de 30% (trinta por cento).\r\n.Lance livre: qualquer percentual ofertado, diferente da modalidade de lance fixo, respeitando-se os limites constantes no contrato original.\r\n.O consorciado poderá deduzir  até  30% do crédito a que tem direito,  para  pagamento do lance.						\r\n.O consorciado deverá na assembléia optar pelo lance fixo ou lance livre, caso  haja  oferta nas duas modalidades será considerado lance livre.						\r\n.O consorciado contemplado por Lance, após integralizá-lo, poderá optar pelo pagamento	do saldo devedor no prazo restante para o término do grupo originalmente contratado, diminuindo o percentual mensal de pagamento. Lance embutido não dilui. Esta opção da diluição deverá ser informada à Administradora, quando do pagamento de lance.\r\n.As contemplações ora ajustadas estão condicionadas à existência de recursos suficientes no grupo para a disponibilização dos créditos respectivos;						\r\n						\r\n*Os preços e os modelos desta tabela estão sujeitos a alterações por parte do fabricante, sem prévio aviso.						', NULL, '0000-00-00 00:00:00'),
(194, 1, 'Novo Gol Power', 46390, '734.51', 72, '0.00', '776.02', '0.00', '0.00', NULL, '0,1', '13,9', NULL, NULL, NULL, NULL, NULL, 's', NULL, 'Grupo com 216 participantes\r\n.01 Contemplação por sorteio\r\n.02 Contemplações por lance \r\n*Conforme disponibilidade financeira do grupo.\r\n\r\n*Aquisição do veículo de qualquer marca.\r\n\r\nLance diluído: Redução no valor das parcelas mensais subsequentes ao pagamento de lance ofertado com recursos próprios, que mantém o prazo de pagamento.\r\n\r\nLance embutido: Utilização de parte do seu crédito (até 30%) como lance, quando contemplado abatimento das parcelas de ordem inversa diminuindo o prazo do plano contratado.\r\n\r\n*Preços sujeitos a reajuste conforme tabela do fabricante.\r\n', NULL, '0000-00-00 00:00:00'),
(195, 3, 'Novo Gol Power', 46390, '734.51', 72, '0.00', '776.02', '0.00', '0.00', NULL, '0,1', '13,9', NULL, NULL, NULL, NULL, NULL, 's', NULL, 'Grupo com 216 participantes\r\n.01 Contemplação por sorteio\r\n.02 Contemplações por lance \r\n*Conforme disponibilidade financeira do grupo.\r\n\r\n*Aquisição do veículo de qualquer marca.\r\n\r\nLance diluído: Redução no valor das parcelas mensais subsequentes ao pagamento de lance ofertado com recursos próprios, que mantém o prazo de pagamento.\r\n\r\nLance embutido: Utilização de parte do seu crédito (até 30%) como lance, quando contemplado abatimento das parcelas de ordem inversa diminuindo o prazo do plano contratado.\r\n\r\n*Preços sujeitos a reajuste conforme tabela do fabricante.\r\n', NULL, '0000-00-00 00:00:00'),
(197, 3, 'Voyage 1.0 4p', 34890, '552.43', 72, '0.00', '583.65', '0.00', '0.00', NULL, '0,1', '13,9', NULL, NULL, NULL, NULL, NULL, 's', NULL, 'Grupo com 216 participantes\r\n.01 Contemplação por sorteio\r\n.02 Contemplações por lance \r\n*Conforme disponibilidade financeira do grupo.\r\n\r\n*Aquisição do veículo de qualquer marca.\r\n\r\nLance diluído: Redução no valor das parcelas mensais subsequentes ao pagamento de lance ofertado com recursos próprios, que mantém o prazo de pagamento.\r\n\r\nLance embutido: Utilização de parte do seu crédito (até 30%) como lance, quando contemplado abatimento das parcelas de ordem inversa diminuindo o prazo do plano contratado.\r\n\r\n*Preços sujeitos a reajuste conforme tabela do fabricante.\r\n', NULL, '0000-00-00 00:00:00'),
(199, 3, 'Palio Atractive 1.4 Evo 4p', 36090, '571.43', 72, '0.00', '603.72', '0.00', '0.00', NULL, '0,1', '13,9', NULL, NULL, NULL, NULL, NULL, 's', NULL, 'Grupo com 216 participantes\r\n.01 Contemplação por sorteio\r\n.02 Contemplações por lance \r\n*Conforme disponibilidade financeira do grupo.\r\n\r\n*Aquisição do veículo de qualquer marca.\r\n\r\nLance diluído: Redução no valor das parcelas mensais subsequentes ao pagamento de lance ofertado com recursos próprios, que mantém o prazo de pagamento.\r\n\r\nLance embutido: Utilização de parte do seu crédito (até 30%) como lance, quando contemplado abatimento das parcelas de ordem inversa diminuindo o prazo do plano contratado.\r\n\r\n*Preços sujeitos a reajuste conforme tabela do fabricante.\r\n', NULL, '0000-00-00 00:00:00'),
(201, 3, 'Voyage 1.6 Comfortline 4p', 48890, '774.09', 72, '0.00', '817.84', '0.00', '0.00', NULL, '0,1', '13,9', NULL, NULL, NULL, NULL, NULL, 's', NULL, 'Grupo com 216 participantes\r\n.01 Contemplação por sorteio\r\n.02 Contemplações por lance \r\n*Conforme disponibilidade financeira do grupo.\r\n\r\n*Aquisição do veículo de qualquer marca.\r\n\r\nLance diluído: Redução no valor das parcelas mensais subsequentes ao pagamento de lance ofertado com recursos próprios, que mantém o prazo de pagamento.\r\n\r\nLance embutido: Utilização de parte do seu crédito (até 30%) como lance, quando contemplado abatimento das parcelas de ordem inversa diminuindo o prazo do plano contratado.\r\n\r\n*Preços sujeitos a reajuste conforme tabela do fabricante.\r\n', NULL, '0000-00-00 00:00:00'),
(203, 3, 'Peugeot 308 Active 1.6', 54490, '832.49', 72, '0.00', '879.54', '0.00', '0.00', NULL, '0,1', '9,9', NULL, NULL, NULL, NULL, NULL, 's', NULL, 'Grupo com 216 participantes\r\n.01 Contemplação por sorteio\r\n.02 Contemplações por lance \r\n*Conforme disponibilidade financeira do grupo.\r\n\r\n*Aquisição do veículo de qualquer marca.\r\n\r\nLance diluído: Redução no valor das parcelas mensais subsequentes ao pagamento de lance ofertado com recursos próprios, que mantém o prazo de pagamento.\r\n\r\nLance embutido: Utilização de parte do seu crédito (até 30%) como lance, quando contemplado abatimento das parcelas de ordem inversa diminuindo o prazo do plano contratado.\r\n\r\n*Preços sujeitos a reajuste conforme tabela do fabricante.\r\n', NULL, '0000-00-00 00:00:00'),
(205, 4, 'Peugeot 408 Griffe 2.0 Aut', 74490, '1138.04', 72, '0.00', '1202.36', '0.00', '0.00', NULL, '0,1', '9,9', NULL, NULL, NULL, NULL, NULL, 's', NULL, 'Grupo com 216 participantes\r\n.01 Contemplação por sorteio\r\n.02 Contemplações por lance \r\n*Conforme disponibilidade financeira do grupo.\r\n\r\n*Aquisição do veículo de qualquer marca.\r\n\r\nLance diluído: Redução no valor das parcelas mensais subsequentes ao pagamento de lance ofertado com recursos próprios, que mantém o prazo de pagamento.\r\n\r\nLance embutido: Utilização de parte do seu crédito (até 30%) como lance, quando contemplado abatimento das parcelas de ordem inversa diminuindo o prazo do plano contratado.\r\n\r\n*Preços sujeitos a reajuste conforme tabela do fabricante.\r\n', NULL, '0000-00-00 00:00:00'),
(211, 4, 'Nova S10 Cab Dupla LTZ +15%', 156389, '2150.35', 80, '0.00', '2285.39', '0.00', '0.00', NULL, '0,1', '9,9', NULL, NULL, NULL, NULL, NULL, 's', NULL, 'Grupo com 240 Participantes\r\n*01 (uma) cota por sorteio,\r\n*01 (uma) cota por lance livre e \r\n*01 (uma) cota por lance fixo, e demais por lance livre conforme saldo de caixa.\r\n\r\n.Os lances, que deverão ser ofertados em percentual sobre o valor do bem mais taxas, dividir-se-ão em duas modalidades.\r\n.Lance fixo: deverá ser ofertado o percentual de 30% (trinta por cento).\r\n.Lance livre: qualquer percentual ofertado, diferente da modalidade de lance fixo, respeitando-se os limites constantes no contrato original.\r\n.O consorciado poderá deduzir até 30% do crédito a que tem direito, para pagamento do lance. \r\n.O consorciado deverá na assembléia optar pelo lance fixo ou lance livre, caso haja oferta nas duas modalidades será considerado lance livre. \r\n.O consorciado contemplado por Lance, após integralizá-lo, poderá optar pelo pagamento do saldo devedor no prazo restante para o término do grupo originalmente contratado, diminuindo o percentual mensal de pagamento. Lance embutido não dilui. Esta opção da diluição deverá ser informada à Administradora, quando do pagamento de lance.\r\n.As contemplações ora ajustadas estão condicionadas à existência de recursos suficientes no grupo para a disponibilização dos créditos respectivos; \r\n\r\n*Os preços e os modelos desta tabela estão sujeitos a alterações por parte do fabricante, sem prévio aviso.\r\n', NULL, '0000-00-00 00:00:00'),
(212, 4, 'Nova S10 Cab Dupla LTZ +10%', 149589, '2056.85', 80, '0.00', '2186.02', '0.00', '0.00', NULL, '0,1', '9,9', NULL, NULL, NULL, NULL, NULL, 's', NULL, 'Grupo com 240 Participantes\r\n*01 (uma) cota por sorteio,\r\n*01 (uma) cota por lance livre e \r\n*01 (uma) cota por lance fixo, e demais por lance livre conforme saldo de caixa.\r\n\r\n.Os lances, que deverão ser ofertados em percentual sobre o valor do bem mais taxas, dividir-se-ão em duas modalidades.\r\n.Lance fixo: deverá ser ofertado o percentual de 30% (trinta por cento).\r\n.Lance livre: qualquer percentual ofertado, diferente da modalidade de lance fixo, respeitando-se os limites constantes no contrato original.\r\n.O consorciado poderá deduzir até 30% do crédito a que tem direito, para pagamento do lance. \r\n.O consorciado deverá na assembléia optar pelo lance fixo ou lance livre, caso haja oferta nas duas modalidades será considerado lance livre. \r\n.O consorciado contemplado por Lance, após integralizá-lo, poderá optar pelo pagamento do saldo devedor no prazo restante para o término do grupo originalmente contratado, diminuindo o percentual mensal de pagamento. Lance embutido não dilui. Esta opção da diluição deverá ser informada à Administradora, quando do pagamento de lance.\r\n.As contemplações ora ajustadas estão condicionadas à existência de recursos suficientes no grupo para a disponibilização dos créditos respectivos; \r\n\r\n*Os preços e os modelos desta tabela estão sujeitos a alterações por parte do fabricante, sem prévio aviso.\r\n', NULL, '0000-00-00 00:00:00'),
(213, 4, 'Hilux Cab Dupla 4x4 SRV AUT', 140930, '1937.79', 80, '0.00', '2059.48', '0.00', '0.00', NULL, '0,1', '9,9', NULL, NULL, NULL, NULL, NULL, 's', NULL, 'Grupo com 240 Participantes\r\n*01 (uma) cota por sorteio,\r\n*01 (uma) cota por lance livre e \r\n*01 (uma) cota por lance fixo, e demais por lance livre conforme saldo de caixa.\r\n\r\n.Os lances, que deverão ser ofertados em percentual sobre o valor do bem mais taxas, dividir-se-ão em duas modalidades.\r\n.Lance fixo: deverá ser ofertado o percentual de 30% (trinta por cento).\r\n.Lance livre: qualquer percentual ofertado, diferente da modalidade de lance fixo, respeitando-se os limites constantes no contrato original.\r\n.O consorciado poderá deduzir até 30% do crédito a que tem direito, para pagamento do lance. \r\n.O consorciado deverá na assembléia optar pelo lance fixo ou lance livre, caso haja oferta nas duas modalidades será considerado lance livre. \r\n.O consorciado contemplado por Lance, após integralizá-lo, poderá optar pelo pagamento do saldo devedor no prazo restante para o término do grupo originalmente contratado, diminuindo o percentual mensal de pagamento. Lance embutido não dilui. Esta opção da diluição deverá ser informada à Administradora, quando do pagamento de lance.\r\n.As contemplações ora ajustadas estão condicionadas à existência de recursos suficientes no grupo para a disponibilização dos créditos respectivos; \r\n\r\n*Os preços e os modelos desta tabela estão sujeitos a alterações por parte do fabricante, sem prévio aviso.\r\n', NULL, '0000-00-00 00:00:00'),
(214, 4, 'Nova S10 Cab Dupla LTZ', 135990, '1869.86', 80, '0.00', '1827.89', '0.00', '0.00', NULL, '0,1', '9,9', NULL, NULL, NULL, NULL, NULL, 's', NULL, 'Grupo com 240 Participantes\r\n*01 (uma) cota por sorteio,\r\n*01 (uma) cota por lance livre e \r\n*01 (uma) cota por lance fixo, e demais por lance livre conforme saldo de caixa.\r\n\r\n.Os lances, que deverão ser ofertados em percentual sobre o valor do bem mais taxas, dividir-se-ão em duas modalidades.\r\n.Lance fixo: deverá ser ofertado o percentual de 30% (trinta por cento).\r\n.Lance livre: qualquer percentual ofertado, diferente da modalidade de lance fixo, respeitando-se os limites constantes no contrato original.\r\n.O consorciado poderá deduzir até 30% do crédito a que tem direito, para pagamento do lance. \r\n.O consorciado deverá na assembléia optar pelo lance fixo ou lance livre, caso haja oferta nas duas modalidades será considerado lance livre. \r\n.O consorciado contemplado por Lance, após integralizá-lo, poderá optar pelo pagamento do saldo devedor no prazo restante para o término do grupo originalmente contratado, diminuindo o percentual mensal de pagamento. Lance embutido não dilui. Esta opção da diluição deverá ser informada à Administradora, quando do pagamento de lance.\r\n.As contemplações ora ajustadas estão condicionadas à existência de recursos suficientes no grupo para a disponibilização dos créditos respectivos; \r\n\r\n*Os preços e os modelos desta tabela estão sujeitos a alterações por parte do fabricante, sem prévio aviso.\r\n', NULL, '0000-00-00 00:00:00'),
(215, 4, 'Hilux Cab Dupla 4x4 SRV', 133370, '1833.84', 80, '0.00', '1949.00', '0.00', '0.00', NULL, '0,1', '9,9', NULL, NULL, NULL, NULL, NULL, 's', NULL, 'Grupo com 240 Participantes\r\n*01 (uma) cota por sorteio,\r\n*01 (uma) cota por lance livre e \r\n*01 (uma) cota por lance fixo, e demais por lance livre conforme saldo de caixa.\r\n\r\n.Os lances, que deverão ser ofertados em percentual sobre o valor do bem mais taxas, dividir-se-ão em duas modalidades.\r\n.Lance fixo: deverá ser ofertado o percentual de 30% (trinta por cento).\r\n.Lance livre: qualquer percentual ofertado, diferente da modalidade de lance fixo, respeitando-se os limites constantes no contrato original.\r\n.O consorciado poderá deduzir até 30% do crédito a que tem direito, para pagamento do lance. \r\n.O consorciado deverá na assembléia optar pelo lance fixo ou lance livre, caso haja oferta nas duas modalidades será considerado lance livre. \r\n.O consorciado contemplado por Lance, após integralizá-lo, poderá optar pelo pagamento do saldo devedor no prazo restante para o término do grupo originalmente contratado, diminuindo o percentual mensal de pagamento. Lance embutido não dilui. Esta opção da diluição deverá ser informada à Administradora, quando do pagamento de lance.\r\n.As contemplações ora ajustadas estão condicionadas à existência de recursos suficientes no grupo para a disponibilização dos créditos respectivos; \r\n\r\n*Os preços e os modelos desta tabela estão sujeitos a alterações por parte do fabricante, sem prévio aviso.\r\n', NULL, '0000-00-00 00:00:00'),
(216, 4, 'Amarok Trend AT', 121990, '1677.36', 80, '0.00', '0.00', '0.00', '1782.70', NULL, '0,1', '9,9', NULL, NULL, NULL, NULL, NULL, 's', NULL, 'Grupo com 240 Participantes\r\n*01 (uma) cota por sorteio,\r\n*01 (uma) cota por lance livre e \r\n*01 (uma) cota por lance fixo, e demais por lance livre conforme saldo de caixa.\r\n\r\n.Os lances, que deverão ser ofertados em percentual sobre o valor do bem mais taxas, dividir-se-ão em duas modalidades.\r\n.Lance fixo: deverá ser ofertado o percentual de 30% (trinta por cento).\r\n.Lance livre: qualquer percentual ofertado, diferente da modalidade de lance fixo, respeitando-se os limites constantes no contrato original.\r\n.O consorciado poderá deduzir até 30% do crédito a que tem direito, para pagamento do lance. \r\n.O consorciado deverá na assembléia optar pelo lance fixo ou lance livre, caso haja oferta nas duas modalidades será considerado lance livre. \r\n.O consorciado contemplado por Lance, após integralizá-lo, poderá optar pelo pagamento do saldo devedor no prazo restante para o término do grupo originalmente contratado, diminuindo o percentual mensal de pagamento. Lance embutido não dilui. Esta opção da diluição deverá ser informada à Administradora, quando do pagamento de lance.\r\n.As contemplações ora ajustadas estão condicionadas à existência de recursos suficientes no grupo para a disponibilização dos créditos respectivos; \r\n\r\n*Os preços e os modelos desta tabela estão sujeitos a alterações por parte do fabricante, sem prévio aviso.\r\n', NULL, '0000-00-00 00:00:00'),
(217, 4, 'Toyota Hilux SW4 Flex SR', 116990, '1608.61', 80, '0.00', '1709.63', '0.00', '0.00', NULL, '0,1', '9,9', NULL, NULL, NULL, NULL, NULL, 's', NULL, 'Grupo com 240 Participantes\r\n*01 (uma) cota por sorteio,\r\n*01 (uma) cota por lance livre e \r\n*01 (uma) cota por lance fixo, e demais por lance livre conforme saldo de caixa.\r\n\r\n.Os lances, que deverão ser ofertados em percentual sobre o valor do bem mais taxas, dividir-se-ão em duas modalidades.\r\n.Lance fixo: deverá ser ofertado o percentual de 30% (trinta por cento).\r\n.Lance livre: qualquer percentual ofertado, diferente da modalidade de lance fixo, respeitando-se os limites constantes no contrato original.\r\n.O consorciado poderá deduzir até 30% do crédito a que tem direito, para pagamento do lance. \r\n.O consorciado deverá na assembléia optar pelo lance fixo ou lance livre, caso haja oferta nas duas modalidades será considerado lance livre. \r\n.O consorciado contemplado por Lance, após integralizá-lo, poderá optar pelo pagamento do saldo devedor no prazo restante para o término do grupo originalmente contratado, diminuindo o percentual mensal de pagamento. Lance embutido não dilui. Esta opção da diluição deverá ser informada à Administradora, quando do pagamento de lance.\r\n.As contemplações ora ajustadas estão condicionadas à existência de recursos suficientes no grupo para a disponibilização dos créditos respectivos; \r\n\r\n*Os preços e os modelos desta tabela estão sujeitos a alterações por parte do fabricante, sem prévio aviso.\r\n', NULL, '0000-00-00 00:00:00'),
(218, 4, 'Amarok SE DC 4x4', 103990, '1429.86', 80, '0.00', '1519.66', '0.00', '0.00', NULL, '0,1', '9,9', NULL, NULL, NULL, NULL, NULL, 's', NULL, 'Grupo com 240 Participantes\r\n*01 (uma) cota por sorteio,\r\n*01 (uma) cota por lance livre e \r\n*01 (uma) cota por lance fixo, e demais por lance livre conforme saldo de caixa.\r\n\r\n.Os lances, que deverão ser ofertados em percentual sobre o valor do bem mais taxas, dividir-se-ão em duas modalidades.\r\n.Lance fixo: deverá ser ofertado o percentual de 30% (trinta por cento).\r\n.Lance livre: qualquer percentual ofertado, diferente da modalidade de lance fixo, respeitando-se os limites constantes no contrato original.\r\n.O consorciado poderá deduzir até 30% do crédito a que tem direito, para pagamento do lance. \r\n.O consorciado deverá na assembléia optar pelo lance fixo ou lance livre, caso haja oferta nas duas modalidades será considerado lance livre. \r\n.O consorciado contemplado por Lance, após integralizá-lo, poderá optar pelo pagamento do saldo devedor no prazo restante para o término do grupo originalmente contratado, diminuindo o percentual mensal de pagamento. Lance embutido não dilui. Esta opção da diluição deverá ser informada à Administradora, quando do pagamento de lance.\r\n.As contemplações ora ajustadas estão condicionadas à existência de recursos suficientes no grupo para a disponibilização dos créditos respectivos; \r\n\r\n*Os preços e os modelos desta tabela estão sujeitos a alterações por parte do fabricante, sem prévio aviso.\r\n', NULL, '0000-00-00 00:00:00'),
(219, 4, 'Captiva Sport 16v Ecotec', 98990, '1361.11', 80, '0.00', '1446.59', '0.00', '0.00', NULL, '0,1', '9,9', NULL, NULL, NULL, NULL, NULL, 's', NULL, 'Grupo com 240 Participantes\r\n*01 (uma) cota por sorteio,\r\n*01 (uma) cota por lance livre e \r\n*01 (uma) cota por lance fixo, e demais por lance livre conforme saldo de caixa.\r\n\r\n.Os lances, que deverão ser ofertados em percentual sobre o valor do bem mais taxas, dividir-se-ão em duas modalidades.\r\n.Lance fixo: deverá ser ofertado o percentual de 30% (trinta por cento).\r\n.Lance livre: qualquer percentual ofertado, diferente da modalidade de lance fixo, respeitando-se os limites constantes no contrato original.\r\n.O consorciado poderá deduzir até 30% do crédito a que tem direito, para pagamento do lance. \r\n.O consorciado deverá na assembléia optar pelo lance fixo ou lance livre, caso haja oferta nas duas modalidades será considerado lance livre. \r\n.O consorciado contemplado por Lance, após integralizá-lo, poderá optar pelo pagamento do saldo devedor no prazo restante para o término do grupo originalmente contratado, diminuindo o percentual mensal de pagamento. Lance embutido não dilui. Esta opção da diluição deverá ser informada à Administradora, quando do pagamento de lance.\r\n.As contemplações ora ajustadas estão condicionadas à existência de recursos suficientes no grupo para a disponibilização dos créditos respectivos; \r\n\r\n*Os preços e os modelos desta tabela estão sujeitos a alterações por parte do fabricante, sem prévio aviso.\r\n', NULL, '0000-00-00 00:00:00'),
(220, 1, 'Hilux Cab Dupla 4x4 STD', 102520, '1409.65', 80, '0.00', '1498.18', '0.00', '0.00', NULL, '0,1', '9,9', NULL, NULL, NULL, NULL, NULL, 's', NULL, 'Grupo com 240 Participantes\r\n*01 (uma) cota por sorteio,\r\n*01 (uma) cota por lance livre e \r\n*01 (uma) cota por lance fixo, e demais por lance livre conforme saldo de caixa.\r\n\r\n.Os lances, que deverão ser ofertados em percentual sobre o valor do bem mais taxas, dividir-se-ão em duas modalidades.\r\n.Lance fixo: deverá ser ofertado o percentual de 30% (trinta por cento).\r\n.Lance livre: qualquer percentual ofertado, diferente da modalidade de lance fixo, respeitando-se os limites constantes no contrato original.\r\n.O consorciado poderá deduzir até 30% do crédito a que tem direito, para pagamento do lance. \r\n.O consorciado deverá na assembléia optar pelo lance fixo ou lance livre, caso haja oferta nas duas modalidades será considerado lance livre. \r\n.O consorciado contemplado por Lance, após integralizá-lo, poderá optar pelo pagamento do saldo devedor no prazo restante para o término do grupo originalmente contratado, diminuindo o percentual mensal de pagamento. Lance embutido não dilui. Esta opção da diluição deverá ser informada à Administradora, quando do pagamento de lance.\r\n.As contemplações ora ajustadas estão condicionadas à existência de recursos suficientes no grupo para a disponibilização dos créditos respectivos; \r\n\r\n*Os preços e os modelos desta tabela estão sujeitos a alterações por parte do fabricante, sem prévio aviso.\r\n', NULL, '0000-00-00 00:00:00'),
(221, 4, 'Hilux Cab Dupla 4x4 STD', 102520, '1409.65', 80, '0.00', '1498.18', '0.00', '0.00', NULL, '0,1', '9,9', NULL, NULL, NULL, NULL, NULL, 's', NULL, 'Grupo com 240 Participantes\r\n*01 (uma) cota por sorteio,\r\n*01 (uma) cota por lance livre e \r\n*01 (uma) cota por lance fixo, e demais por lance livre conforme saldo de caixa.\r\n\r\n.Os lances, que deverão ser ofertados em percentual sobre o valor do bem mais taxas, dividir-se-ão em duas modalidades.\r\n.Lance fixo: deverá ser ofertado o percentual de 30% (trinta por cento).\r\n.Lance livre: qualquer percentual ofertado, diferente da modalidade de lance fixo, respeitando-se os limites constantes no contrato original.\r\n.O consorciado poderá deduzir até 30% do crédito a que tem direito, para pagamento do lance. \r\n.O consorciado deverá na assembléia optar pelo lance fixo ou lance livre, caso haja oferta nas duas modalidades será considerado lance livre. \r\n.O consorciado contemplado por Lance, após integralizá-lo, poderá optar pelo pagamento do saldo devedor no prazo restante para o término do grupo originalmente contratado, diminuindo o percentual mensal de pagamento. Lance embutido não dilui. Esta opção da diluição deverá ser informada à Administradora, quando do pagamento de lance.\r\n.As contemplações ora ajustadas estão condicionadas à existência de recursos suficientes no grupo para a disponibilização dos créditos respectivos; \r\n\r\n*Os preços e os modelos desta tabela estão sujeitos a alterações por parte do fabricante, sem prévio aviso.\r\n', NULL, '0000-00-00 00:00:00');

-- --------------------------------------------------------

--
-- Estrutura da tabela `conteudos`
--

CREATE TABLE IF NOT EXISTS `conteudos` (
  `id` int(11) NOT NULL AUTO_INCREMENT,
  `tipo` enum('page','post') NOT NULL DEFAULT 'page',
  `slug` varchar(255) NOT NULL,
  `titulo` varchar(255) NOT NULL,
  `conteudo` text NOT NULL,
  `datahoracadastro` datetime NOT NULL,
  PRIMARY KEY (`id`)
) ENGINE=InnoDB DEFAULT CHARSET=latin1 AUTO_INCREMENT=1 ;

--
-- Extraindo dados da tabela `conteudos`
--


-- --------------------------------------------------------

--
-- Estrutura da tabela `newsletter`
--

CREATE TABLE IF NOT EXISTS `newsletter` (
  `nome` varchar(145) NOT NULL,
  `email` varchar(100) NOT NULL,
  `ativo` char(1) NOT NULL DEFAULT 's',
  `datahoracadastro` datetime DEFAULT NULL,
  PRIMARY KEY (`nome`,`email`)
) ENGINE=InnoDB DEFAULT CHARSET=latin1;

--
-- Extraindo dados da tabela `newsletter`
--

INSERT INTO `newsletter` (`nome`, `email`, `ativo`, `datahoracadastro`) VALUES
('gledson', 'gledson.servopa@gmail.com', 's', '2013-10-26 20:14:14'),
('gledson de abreu silva', 'gledson.servopa@gmail.com', 's', '2013-08-19 13:41:20'),
('teste', 'contato@felipemarques.com.br', 's', '2013-08-05 22:24:32');

-- --------------------------------------------------------

--
-- Estrutura da tabela `perguntas_frequentes`
--

CREATE TABLE IF NOT EXISTS `perguntas_frequentes` (
  `id` int(11) NOT NULL AUTO_INCREMENT,
  `pergunta` varchar(255) NOT NULL,
  `resposta` text NOT NULL,
  `datahoracadastro` datetime DEFAULT NULL,
  PRIMARY KEY (`id`)
) ENGINE=InnoDB  DEFAULT CHARSET=latin1 AUTO_INCREMENT=39 ;

--
-- Extraindo dados da tabela `perguntas_frequentes`
--

INSERT INTO `perguntas_frequentes` (`id`, `pergunta`, `resposta`, `datahoracadastro`) VALUES
(1, 'Se o veículo que estou adquirindo for de propriedade de uma empresa, que não tenha objeto contratual a comercialização de veículos, como devo proceder?\r\n', 'Neste caso, a empresa (fornecedora) precisará emitir Nota Fiscal a favor do consorciado (comprador) constando no corpo desta, o gravame de alienação fiduciária.(Obs: Verificar CND)', NULL),
(2, 'Como deve ser a retirada do veículo da concessionária?', 'Após aprovação do cadastro do consorciado e a emissão da autorização de faturamento o consorciado deverá envia-la ao revendedor, o qual emitirá nota fiscal com a resalva de alienação fiduciária á "Servopa Administradora de Consórcio Ltda".', NULL),
(3, 'O consorciado desistente ou excluído pode ser substituído?', 'Sim. Para manter o grupo, a administradora pode substituir o consorciado desistente. O que for admitido no Grupo, em substituição ao excluído ou desistente deverá pagar o valor total do bem, acrescido das taxas, no prazo restante para o término do grupo (diluído).', NULL),
(5, 'O bem em garantia pode ser substituído?', 'Sim, O objeto da Alienação Fiduciária poderá ser substituído mediante prévia e expressa anuência da SERVOPA ADMINISTRADORA DE CONSÓRCIOS LTDA. com o pagamento da taxa conforme cláusula do contrato. O novo bem, ou conjunto de bens, oferecido como garantia, mediante avaliação em revenda conveniada à ADMINISTRADORA, deverá ser superior, em no mínimo, 40 % do saldo devedor, e ter até 3 (três) anos de uso para motocicletas, 5 (cinco) anos de uso para automóveis e tratores ou 10 (dez) anos de uso para caminhões, incluindo-se o ano de fabricação.', NULL),
(6, 'Quando ocorre a liberação do BEM?\r\n', 'O BEM será liberado mediante a quitação do saldo devedor ou a substituição por outro bem, com aprovação da administradora. A liberação será efetivada mediante solicitação do consorciado, junto ao megadata.', NULL),
(7, 'Quais os procedimentos para desistência e o que acontece com os valores já pagos?', 'O consorciado a qualquer momento poderá desistir de sua participação no grupo de consórcio. A devolução será efetivada após satisfeitas as contemplações de todos os consorciados ADIMPLENTES, obedecendo o princípio da isonomia e da prevalência e do interesse coletivo sobre o individual. A administradora procederá a contemplação por sorteio mensalmente, todos os consorciados inadimplentes, desistentes e excluídos tantos quantos permitir o saldo financeiro do grupo. O valor a ser devolvido será obtido mediante a aplicação do percentual adquirido deduzida a taxa de administração, e multa pecuniária por quebra de contrato na razão de 5% sobre o valor atualizado do bem ou serviço.', NULL),
(8, 'E se o consorciado optar por um bem diferente do seu plano?', 'Se o consorciado escolher um bem de maior valor que o seu crédito, bastará pagar a diferença diretamente no fornecedor que lhe vendeu. Poderá ainda, adquirir bem de menor valor, sujeito a alienação, e a diferença do crédito a que tem direito poderá ser utilizada para quitar parcelas na ordem inversa ou utilizar até 10% do valor do crédito para cobertura das despesas com a documentação e se for o caso com o seguro do bem.', NULL),
(9, 'O que acontece se houver alteração de preço do BEM após a contemplação?', 'O consorciado contemplado terá a sua disposição para aquisição do bem ou conjunto de bens o valor do crédito vigente na data da assembléia de contemplação, acrescido dos rendimentos líquidos provenientes da aplicação financeira.', NULL),
(10, 'Qual o valor, quanto e como o consorciado recebe o crédito?', 'A Servopa Administradora de Consórcios coloca à disposição do consorciado contemplado, o crédito a que tem direito, vigente na data da realização da Assembléia de Contemplação. O consorciado contemplado por sorteio ou lance terá a autorização de faturamento à sua disposição no 3º dia útil seguinte a data da assembléia, desde que o consorciado apresente as garantias exigidas. Para aprovação do seu cadastro.', NULL),
(11, 'Quais as vantagens de ser contemplado por lance?', 'O consorciado poderá a qualquer momento antecipar sua contemplação ofertando um lance, se vencedor quitará as parcelas na ordem inversa, as quais não sofrerão mais reajustes até o término do plano.', NULL),
(12, 'E se ocorrer empate nos lances?', 'Em caso de empate a Servopa Administradora de Consórcio Ltda. deverá orderar as contemplações entre as cotas empatadas através de sorteio. No caso de empate, a Servopa Administradora apurará o vencedor através de sorteio entre as cotas empatadas (sistema de bingo).', NULL),
(13, 'Como é a contemplação por lance?', 'O consorciado poderá ofertar um lance de no mínimo 10% e o máximo de 100% sendo o vencedor o maior percentual ofertado entre todos os participantes, o qual será considerado pagamento antecipado na ordem inversa, desde que o saldo de caixa do grupo somado ao lance permita a atribuição do crédito.', NULL),
(14, 'Como é a contemplação por sorteio?', 'Os grupos de automóveis e motocicletas á contemplação ocorrerá através de um globo de interior visível aonde serão retiradas 5 pedras e a 5° pedra será a contemplada por sorteio. Nos grupos de imóveis e caminhões o sorteio ocorrerá através da loteria federal.', NULL),
(15, 'Qual a documentação necessária para avaliação cadastral?', 'Qual a documentação necessária para avaliação cadastral? Pessoa Física Documentação para funcionário com vínculo empregatício: * RG e CPF; * Comprovante de residência atual (luz ou telefone fixo); * Comprovante de renda (3 últimos contra-cheques); * Carteira Profissional (CTPS); Documentação do empregador(sócio da empresa): * RG e CPF; * Comprovante de residência atual (luz ou telefone fixo); * Declaração IRPF; * Cartão CNPJ; * Contrato Social; * Última alteração contratual (ou declaração do contador de não alteração contratual). Profissional liberal: * RG e CPF; * Comprovante de residência atual (luz ou telefone fixo); * Declaração IRPF + carteira funcional (ex.: médico, advogado, dentista); Autônomos: * RG e CPF; * Comprovante de residência atual (luz ou telefone fixo); * Declaração IRPF para análise ou avalista/fiador. Pessoa Jurídica Documentação: * Cartão CNPJ; * Contrato Social; * Última alteração contratual (ou declaração do contador de não alteração contratual); * Último balanço e IRPJ; Documentação do(s) sócio(s): * RG e CPF; * Comprovante de residência atual (luz ou telefone fixo); * Declaração IRPF; Em caso de fiador, caso se declare casado, presença do cônjuge. cônjuge: *CPF *RG *Certidão de Casamento', NULL),
(16, 'Quem pode ser contemplado?', 'Somente os consorciados com os pagamentos de suas parcelas efetuadas até a data do vencimento da respectiva assembléia.', NULL),
(17, 'Quais as formas de contemplação?', 'Sorteio e Lance.', NULL),
(18, 'E se o veículo descrito no Plano de Consórcio for retirado de fabricação?', 'Quando o veículo for retirado de fabricação, a administradora de consórcios deverá convocar uma Assembléia Geral Extraordinária para, em conjunto com os consorciados não contemplados para decidirem pela escolha de outro veículo similar, para manter o referencial de preço.', NULL),
(19, 'O que é uma Assembléia?', 'São reuniões, realizadas em dia, hora e local previamente designados pela administradora, abertas à todos os consorciados. As assembléias podem ser: - Ordinárias: são realizadas mensalmente e destinam-se à contemplação, atendimento e outras informações aos consorciados. - Extraordinárias: São assembléias que ocorrem quando à administradora convoca os consorciados para deliberar de assuntos de interesse do grupo de consorciados.', NULL),
(20, 'O que acontece ao consorciado que deixar de pagar suas contribuições?', 'O consorciado não contemplado que deixar de pagar 2 parcelas mensais poderá ser excluído do grupo. Já o consorciado contemplado terá multas e juros referente ao seu atraso, caso tenha 2 parcelas em aberto à administradora poderá efetuar a cobrança Judicial.', NULL),
(21, 'As contribuições podem ser pagas antecipadamente?', 'Sim. O consorciado pode pagar mais de uma contribuição mensal, na ordem inversa, da última para a primeira, as parcelas antecipadas para os consorciados não contemplados valem para ofertar como lance. Nos grupos de tratores, máquinas e implementos agrícolas o consorciado poderá antecipar parcelas na ordem direta, ficando porém, sujeito a reajustes.', NULL),
(22, 'Quais as penalidades para quem paga em atraso?', 'Para os consorciados não contemplados, não há a cobrança de multa e/ou juros, porém, fica impossibilitado de ser contemplado por sorteio ou lance. Os consorciados contemplados estão sujeitos à cobrança de juros de 1% ao mês e multa de 2%, calculados sobre o valor atualizado do bem (crédito).', NULL),
(23, 'Pagamentos efetuados na data do vencimento ou após a assembléia estão sujeitos a diferença de parcela?', 'No grupo de consórcio vinculado ao preço do bem, as contribuições serão atualizadas de acordo com o bem de referência no contrato, vigente na data da assembléia ordinária, subseqüente a data da efetivação do pagamento. As diferenças de contribuições ( a menor ou a maior) nos grupos de consórcio vinculados ao preço do bem, serão cobradas ou compensadas na contribuição imediatamente seguinte.', NULL),
(24, 'Como e onde são feitos os pagamentos das contribuições mensais?', 'Os pagamentos deverão ser efetuados até a data do vencimento através do boleto bancário enviado pela Servopa Administradora de Consórcio Ltda em qualquer agência bancária em todo o território nacional. Caso o consorciado não tenha recebido ou extraviado seu boleto poderá retirar a 2ª via do boleto acessando o nosso site. Oferecemos ainda o débito automático em conta corrente nos seguintes bancos: Banco do Brasil, Caixa Econômica, Bradesco, Unibanco, Itau e HSBC', NULL),
(25, 'Como são calculadas as contribuições no consórcio?', 'No valor do crédito deverá ser acrescentado o percentual de taxa de administração e de fundo de reserva se for o caso, o resultado será dividido pelo número de meses contratado, este resultado corresponderá o valor da parcela mensal do consorciado, podendo ainda ser acrescido o seguro de vida nesta parcela o qual é facultativo.', NULL),
(26, 'No caso de sinistro em veículo segurado e alienado ao consórcio, como proceder?\r\n', 'O consorciado poderá fazer a substituição de garantia comprando com os recursos pago pela seguradora de outro bem similar ao veículo sinistrado.', NULL),
(27, 'Como é calculado o Seguro Prestamista?', 'O seguro é calculado sobre o valor do bem, mais taxa de administração, mais fundo de reserva. O percentual do seguro prestamista (do plano) por exemplo, é de 0,785%.', NULL),
(28, 'Caso o titular da cota de consórcio venha a falecer e tenha optado pelo seguro de vida em grupo, quem será o beneficiário?', 'O beneficiário será a pessoa indicada na apólice, caso não tenha sido informado será de direito os beneficiários legais.', NULL),
(29, 'Como recebo as informações sobre meu plano de consórcio?\r\n ', 'Após a confirmação da escolha do crédito pelo consorciado, será realizado contato informando grupo e cota de participação do mesmo, receberá também uma senha exclusiva para acesso das informações via internet diretamente do Consórcio Servopa.\r\n\r\n', NULL),
(30, 'O que é lance diluído?', 'Redução no valor da parcela mensal após contemplação por lance com recursos próprios. No qual o consorciado poderá pagar as parcelas subsequentes com valor menor e continuar com o prazo contratado. Essa condição é válida para alguns grupos de imóveis e de automóveis, conforme respectivo contrato.', NULL),
(31, 'O beneficiário do seguro também é beneficiário da cota de consórcio?', 'Não. O beneficiário do seguro deverá ser indicado pelo consorciado, já o direito pela cota será dos herdeiros legais do consorciado.', NULL),
(32, 'Quando ocorre o encerramento do grupo ?', 'Todo grupo de consórcio tem um prazo de duração (ex. 50, 60 ou 100 meses). Transcorrido este prazo, a administradora, no período de 60 dias após, deverá encerrar o grupo, devolvendo os saldos remanescentes aos consorciados ativos, desistentes e excluídos.', NULL),
(33, '	O que é Fundo de Reserva no Consórcio?', 'É um percentual cobrado sobre o valor do bem, que é utilizada para a cobertura de eventual insuficiência de caixa e para diminuir os efeitos de inadimplência no grupo. • Fazem parte também do Fundo de Reserva, os rendimentos das aplicações financeiras dos recursos do próprio fundo. • Os valores do Fundo de Reserva não utilizados serão devolvidos aos consorciados, por ocasião do encerramento do grupo, devidamente corrigidos.', NULL),
(34, '	Quantas pessoas formam um grupo?', 'O grupo será constituído baseado na duração do plano. sempre serão multiplos da quantidade de meses determinado para o grupo. (ex: 60 meses com 180 participantes).', NULL),
(35, '	Quais são as vantagens do Sistema de Consórcio?', 'Sistema de compra planejada que, desde sua criação, tem se mostrado vantajoso financeiramente, comparativamente com as linhas de crédito oferecidas aos consumidores. • O consorciado a partir da sua contemplação poderá adquirir o bem aproveitando de todos os descontos de um pagamento á vista. • O consórcio tem um prazo maior de pagamento, que permite a redução das prestações mensais. • O sistema de consórcio tem total ausência de juros. O consorciado paga apenas o valor do bem, as taxas de administração e o fundo de reserva. • O consorciado pode programar a retirada do seu veículo através de lance. • O consorciado poderá transferir a sua cota para outra pessoa, bastando para isso obter a autorização da administradora.', NULL),
(36, '	Quais os cuidados que se deve ter para participar de um consórcio?', 'Antes de se inscrever em algum grupo de consórcio, o cliente deve informar-se sobre a administradora que pretende contratar, seja através dos órgãos de defesa do consumidor, Banco Central do Brasil (0800-992345), para saber se a Administradora está autorizada a operar no mercado.', NULL),
(37, '	O que é Consórcio?', ' Consórcio é a reunião de um grupo de pessoas com o objetivo único de auto-financiamento para a compra de um bem, através de contribuições mensais (em%).', NULL),
(38, '	O que é Seguro de Vida Prestamista?', 'É o seguro de vida em grupo, definido na assembléia de constituição. O consorciado estará coberto em caso de morte natural, acidental, invalidez total ou parcial por acidente. No caso de bens móveis, quita-se o saldo devedor e devolve as parcelas pagas para os herdeiros, sendo bem imóvel haverá a quitação do saldo devedor do consorciado.', NULL);

-- --------------------------------------------------------

--
-- Estrutura da tabela `usuarios`
--

CREATE TABLE IF NOT EXISTS `usuarios` (
  `id` int(11) NOT NULL AUTO_INCREMENT,
  `nome` varchar(45) DEFAULT NULL,
  `login` varchar(45) NOT NULL,
  `senha` varchar(35) NOT NULL COMMENT 'md5',
  `ativo` char(1) NOT NULL DEFAULT 's',
  `datahoracadastro` datetime DEFAULT NULL,
  PRIMARY KEY (`id`)
) ENGINE=InnoDB  DEFAULT CHARSET=latin1 AUTO_INCREMENT=3 ;

--
-- Extraindo dados da tabela `usuarios`
--

INSERT INTO `usuarios` (`id`, `nome`, `login`, `senha`, `ativo`, `datahoracadastro`) VALUES
(1, 'Administrador', 'adm', 'a93338847323d1abc92d2ab34b089da8', 's', NULL),
(2, 'felipe', 'felipe', 'ee26ff271470f48b15ed7af84aa22991', 's', NULL);

--
-- Restrições para as tabelas dumpadas
--

--
-- Restrições para a tabela `consorcios`
--
ALTER TABLE `consorcios`
  ADD CONSTRAINT `fk_consorcios_categorias_consorcios` FOREIGN KEY (`categoria_consorcio_id`) REFERENCES `categorias_consorcios` (`id`) ON DELETE NO ACTION ON UPDATE NO ACTION;
